ONS_Code,Org_Code,Org_Name,Metric,Value,Year
E38000001,02N,"NHS Airedale, Wharfedale And Craven CCG",Maternities,1496,2018/2019
E38000001,02N,"NHS Airedale, Wharfedale And Craven CCG",Non-smokers,1307,2018/2019
E38000001,02N,"NHS Airedale, Wharfedale And Craven CCG",Not known,7,2018/2019
E38000001,02N,"NHS Airedale, Wharfedale And Craven CCG",Smokers,182,2018/2019
E38000002,09C,NHS Ashford CCG,Maternities,1397,2018/2019
E38000002,09C,NHS Ashford CCG,Non-smokers,1192,2018/2019
E38000002,09C,NHS Ashford CCG,Not known,11,2018/2019
E38000002,09C,NHS Ashford CCG,Smokers,194,2018/2019
E38000004,07L,NHS Barking And Dagenham CCG,Maternities,3236,2018/2019
E38000004,07L,NHS Barking And Dagenham CCG,Non-smokers,2935,2018/2019
E38000004,07L,NHS Barking And Dagenham CCG,Not known,43,2018/2019
E38000004,07L,NHS Barking And Dagenham CCG,Smokers,258,2018/2019
E38000005,07M,NHS Barnet CCG,Maternities,4702,2018/2019
E38000005,07M,NHS Barnet CCG,Non-smokers,4218,2018/2019
E38000005,07M,NHS Barnet CCG,Not known,349,2018/2019
E38000005,07M,NHS Barnet CCG,Smokers,135,2018/2019
E38000006,02P,NHS Barnsley CCG,Maternities,2835,2018/2019
E38000006,02P,NHS Barnsley CCG,Non-smokers,2380,2018/2019
E38000006,02P,NHS Barnsley CCG,Not known,0,2018/2019
E38000006,02P,NHS Barnsley CCG,Smokers,455,2018/2019
E38000007,99E,NHS Basildon And Brentwood CCG,Maternities,2720,2018/2019
E38000007,99E,NHS Basildon And Brentwood CCG,Non-smokers,2431,2018/2019
E38000007,99E,NHS Basildon And Brentwood CCG,Not known,2,2018/2019
E38000007,99E,NHS Basildon And Brentwood CCG,Smokers,287,2018/2019
E38000008,02Q,NHS Bassetlaw CCG,Maternities,999,2018/2019
E38000008,02Q,NHS Bassetlaw CCG,Non-smokers,834,2018/2019
E38000008,02Q,NHS Bassetlaw CCG,Not known,29,2018/2019
E38000008,02Q,NHS Bassetlaw CCG,Smokers,136,2018/2019
E38000009,11E,NHS Bath And North East Somerset CCG,Maternities,1552,2018/2019
E38000009,11E,NHS Bath And North East Somerset CCG,Non-smokers,1447,2018/2019
E38000009,11E,NHS Bath And North East Somerset CCG,Not known,0,2018/2019
E38000009,11E,NHS Bath And North East Somerset CCG,Smokers,105,2018/2019
E38000010,06F,NHS Bedfordshire CCG,Maternities,5281,2018/2019
E38000010,06F,NHS Bedfordshire CCG,Non-smokers,4717,2018/2019
E38000010,06F,NHS Bedfordshire CCG,Not known,121,2018/2019
E38000010,06F,NHS Bedfordshire CCG,Smokers,443,2018/2019
E38000011,07N,NHS Bexley CCG,Maternities,2688,2018/2019
E38000011,07N,NHS Bexley CCG,Non-smokers,2460,2018/2019
E38000011,07N,NHS Bexley CCG,Not known,27,2018/2019
E38000011,07N,NHS Bexley CCG,Smokers,201,2018/2019
E38000014,00Q,NHS Blackburn With Darwen CCG,Maternities,2083,2018/2019
E38000014,00Q,NHS Blackburn With Darwen CCG,Non-smokers,1784,2018/2019
E38000014,00Q,NHS Blackburn With Darwen CCG,Not known,21,2018/2019
E38000014,00Q,NHS Blackburn With Darwen CCG,Smokers,278,2018/2019
E38000015,00R,NHS Blackpool CCG,Maternities,1767,2018/2019
E38000015,00R,NHS Blackpool CCG,Non-smokers,1307,2018/2019
E38000015,00R,NHS Blackpool CCG,Not known,9,2018/2019
E38000015,00R,NHS Blackpool CCG,Smokers,451,2018/2019
E38000016,00T,NHS Bolton CCG,Maternities,3517,2018/2019
E38000016,00T,NHS Bolton CCG,Non-smokers,3036,2018/2019
E38000016,00T,NHS Bolton CCG,Not known,0,2018/2019
E38000016,00T,NHS Bolton CCG,Smokers,481,2018/2019
E38000018,02W,NHS Bradford City CCG,Maternities,1474,2018/2019
E38000018,02W,NHS Bradford City CCG,Non-smokers,1284,2018/2019
E38000018,02W,NHS Bradford City CCG,Not known,2,2018/2019
E38000018,02W,NHS Bradford City CCG,Smokers,188,2018/2019
E38000019,02R,NHS Bradford Districts CCG,Maternities,4569,2018/2019
E38000019,02R,NHS Bradford Districts CCG,Non-smokers,3828,2018/2019
E38000019,02R,NHS Bradford Districts CCG,Not known,22,2018/2019
E38000019,02R,NHS Bradford Districts CCG,Smokers,719,2018/2019
E38000020,07P,NHS Brent CCG,Maternities,4257,2018/2019
E38000020,07P,NHS Brent CCG,Non-smokers,4063,2018/2019
E38000020,07P,NHS Brent CCG,Not known,51,2018/2019
E38000020,07P,NHS Brent CCG,Smokers,143,2018/2019
E38000021,09D,NHS Brighton And Hove CCG,Maternities,2539,2018/2019
E38000021,09D,NHS Brighton And Hove CCG,Non-smokers,2357,2018/2019
E38000021,09D,NHS Brighton And Hove CCG,Not known,36,2018/2019
E38000021,09D,NHS Brighton And Hove CCG,Smokers,146,2018/2019
E38000023,07Q,NHS Bromley CCG,Maternities,3803,2018/2019
E38000023,07Q,NHS Bromley CCG,Non-smokers,3478,2018/2019
E38000023,07Q,NHS Bromley CCG,Not known,126,2018/2019
E38000023,07Q,NHS Bromley CCG,Smokers,199,2018/2019
E38000024,00V,NHS Bury CCG,Maternities,2294,2018/2019
E38000024,00V,NHS Bury CCG,Non-smokers,2028,2018/2019
E38000024,00V,NHS Bury CCG,Not known,0,2018/2019
E38000024,00V,NHS Bury CCG,Smokers,266,2018/2019
E38000025,02T,NHS Calderdale CCG,Maternities,2193,2018/2019
E38000025,02T,NHS Calderdale CCG,Non-smokers,1867,2018/2019
E38000025,02T,NHS Calderdale CCG,Not known,14,2018/2019
E38000025,02T,NHS Calderdale CCG,Smokers,312,2018/2019
E38000026,06H,NHS Cambridgeshire And Peterborough CCG,Maternities,9417,2018/2019
E38000026,06H,NHS Cambridgeshire And Peterborough CCG,Non-smokers,7963,2018/2019
E38000026,06H,NHS Cambridgeshire And Peterborough CCG,Not known,482,2018/2019
E38000026,06H,NHS Cambridgeshire And Peterborough CCG,Smokers,972,2018/2019
E38000027,07R,NHS Camden CCG,Maternities,2466,2018/2019
E38000027,07R,NHS Camden CCG,Non-smokers,2257,2018/2019
E38000027,07R,NHS Camden CCG,Not known,120,2018/2019
E38000027,07R,NHS Camden CCG,Smokers,89,2018/2019
E38000028,04Y,NHS Cannock Chase CCG,Maternities,1328,2018/2019
E38000028,04Y,NHS Cannock Chase CCG,Non-smokers,1113,2018/2019
E38000028,04Y,NHS Cannock Chase CCG,Not known,37,2018/2019
E38000028,04Y,NHS Cannock Chase CCG,Smokers,178,2018/2019
E38000029,09E,NHS Canterbury And Coastal CCG,Maternities,1755,2018/2019
E38000029,09E,NHS Canterbury And Coastal CCG,Non-smokers,1490,2018/2019
E38000029,09E,NHS Canterbury And Coastal CCG,Not known,21,2018/2019
E38000029,09E,NHS Canterbury And Coastal CCG,Smokers,244,2018/2019
E38000030,99F,NHS Castle Point And Rochford CCG,Maternities,1568,2018/2019
E38000030,99F,NHS Castle Point And Rochford CCG,Non-smokers,1400,2018/2019
E38000030,99F,NHS Castle Point And Rochford CCG,Not known,46,2018/2019
E38000030,99F,NHS Castle Point And Rochford CCG,Smokers,122,2018/2019
E38000031,09A,NHS Central London (Westminster) CCG,Maternities,1627,2018/2019
E38000031,09A,NHS Central London (Westminster) CCG,Non-smokers,1569,2018/2019
E38000031,09A,NHS Central London (Westminster) CCG,Not known,28,2018/2019
E38000031,09A,NHS Central London (Westminster) CCG,Smokers,30,2018/2019
E38000034,00X,NHS Chorley And South Ribble CCG,Maternities,1704,2018/2019
E38000034,00X,NHS Chorley And South Ribble CCG,Non-smokers,1539,2018/2019
E38000034,00X,NHS Chorley And South Ribble CCG,Not known,0,2018/2019
E38000034,00X,NHS Chorley And South Ribble CCG,Smokers,165,2018/2019
E38000035,07T,NHS City And Hackney CCG,Maternities,4620,2018/2019
E38000035,07T,NHS City And Hackney CCG,Non-smokers,4335,2018/2019
E38000035,07T,NHS City And Hackney CCG,Not known,121,2018/2019
E38000035,07T,NHS City And Hackney CCG,Smokers,164,2018/2019
E38000037,03V,NHS Corby CCG,Maternities,883,2018/2019
E38000037,03V,NHS Corby CCG,Non-smokers,701,2018/2019
E38000037,03V,NHS Corby CCG,Not known,0,2018/2019
E38000037,03V,NHS Corby CCG,Smokers,182,2018/2019
E38000038,05A,NHS Coventry And Rugby CCG,Maternities,5356,2018/2019
E38000038,05A,NHS Coventry And Rugby CCG,Non-smokers,4701,2018/2019
E38000038,05A,NHS Coventry And Rugby CCG,Not known,99,2018/2019
E38000038,05A,NHS Coventry And Rugby CCG,Smokers,556,2018/2019
E38000039,09H,NHS Crawley CCG,Maternities,1597,2018/2019
E38000039,09H,NHS Crawley CCG,Non-smokers,1485,2018/2019
E38000039,09H,NHS Crawley CCG,Not known,9,2018/2019
E38000039,09H,NHS Crawley CCG,Smokers,103,2018/2019
E38000040,07V,NHS Croydon CCG,Maternities,4984,2018/2019
E38000040,07V,NHS Croydon CCG,Non-smokers,4627,2018/2019
E38000040,07V,NHS Croydon CCG,Not known,52,2018/2019
E38000040,07V,NHS Croydon CCG,Smokers,305,2018/2019
E38000042,00C,NHS Darlington CCG,Maternities,1054,2018/2019
E38000042,00C,NHS Darlington CCG,Non-smokers,878,2018/2019
E38000042,00C,NHS Darlington CCG,Not known,14,2018/2019
E38000042,00C,NHS Darlington CCG,Smokers,162,2018/2019
E38000043,09J,"NHS Dartford, Gravesham And Swanley CCG",Maternities,2921,2018/2019
E38000043,09J,"NHS Dartford, Gravesham And Swanley CCG",Non-smokers,2615,2018/2019
E38000043,09J,"NHS Dartford, Gravesham And Swanley CCG",Not known,0,2018/2019
E38000043,09J,"NHS Dartford, Gravesham And Swanley CCG",Smokers,306,2018/2019
E38000044,02X,NHS Doncaster CCG,Maternities,3141,2018/2019
E38000044,02X,NHS Doncaster CCG,Non-smokers,2573,2018/2019
E38000044,02X,NHS Doncaster CCG,Not known,80,2018/2019
E38000044,02X,NHS Doncaster CCG,Smokers,488,2018/2019
E38000045,11J,NHS Dorset CCG,Maternities,6346,2018/2019
E38000045,11J,NHS Dorset CCG,Non-smokers,5588,2018/2019
E38000045,11J,NHS Dorset CCG,Not known,116,2018/2019
E38000045,11J,NHS Dorset CCG,Smokers,642,2018/2019
E38000046,05C,NHS Dudley CCG,Maternities,3315,2018/2019
E38000046,05C,NHS Dudley CCG,Non-smokers,2864,2018/2019
E38000046,05C,NHS Dudley CCG,Not known,30,2018/2019
E38000046,05C,NHS Dudley CCG,Smokers,421,2018/2019
E38000047,00D,"NHS Durham Dales, Easington And Sedgefield CCG",Maternities,2757,2018/2019
E38000047,00D,"NHS Durham Dales, Easington And Sedgefield CCG",Non-smokers,2172,2018/2019
E38000047,00D,"NHS Durham Dales, Easington And Sedgefield CCG",Not known,24,2018/2019
E38000047,00D,"NHS Durham Dales, Easington And Sedgefield CCG",Smokers,561,2018/2019
E38000048,07W,NHS Ealing CCG,Maternities,4508,2018/2019
E38000048,07W,NHS Ealing CCG,Non-smokers,4341,2018/2019
E38000048,07W,NHS Ealing CCG,Not known,21,2018/2019
E38000048,07W,NHS Ealing CCG,Smokers,146,2018/2019
E38000049,06K,NHS East And North Hertfordshire CCG,Maternities,6052,2018/2019
E38000049,06K,NHS East And North Hertfordshire CCG,Non-smokers,5520,2018/2019
E38000049,06K,NHS East And North Hertfordshire CCG,Not known,87,2018/2019
E38000049,06K,NHS East And North Hertfordshire CCG,Smokers,445,2018/2019
E38000050,01A,NHS East Lancashire CCG,Maternities,4104,2018/2019
E38000050,01A,NHS East Lancashire CCG,Non-smokers,3391,2018/2019
E38000050,01A,NHS East Lancashire CCG,Not known,56,2018/2019
E38000050,01A,NHS East Lancashire CCG,Smokers,657,2018/2019
E38000051,03W,NHS East Leicestershire And Rutland CCG,Maternities,2527,2018/2019
E38000051,03W,NHS East Leicestershire And Rutland CCG,Non-smokers,2357,2018/2019
E38000051,03W,NHS East Leicestershire And Rutland CCG,Not known,0,2018/2019
E38000051,03W,NHS East Leicestershire And Rutland CCG,Smokers,170,2018/2019
E38000052,02Y,NHS East Riding Of Yorkshire CCG,Maternities,2363,2018/2019
E38000052,02Y,NHS East Riding Of Yorkshire CCG,Non-smokers,2019,2018/2019
E38000052,02Y,NHS East Riding Of Yorkshire CCG,Not known,1,2018/2019
E38000052,02Y,NHS East Riding Of Yorkshire CCG,Smokers,343,2018/2019
E38000053,05D,NHS East Staffordshire CCG,Maternities,1395,2018/2019
E38000053,05D,NHS East Staffordshire CCG,Non-smokers,1235,2018/2019
E38000053,05D,NHS East Staffordshire CCG,Not known,1,2018/2019
E38000053,05D,NHS East Staffordshire CCG,Smokers,159,2018/2019
E38000054,09L,NHS East Surrey CCG,Maternities,1988,2018/2019
E38000054,09L,NHS East Surrey CCG,Non-smokers,1853,2018/2019
E38000054,09L,NHS East Surrey CCG,Not known,9,2018/2019
E38000054,09L,NHS East Surrey CCG,Smokers,126,2018/2019
E38000055,09F,"NHS Eastbourne, Hailsham And Seaford CCG",Maternities,1692,2018/2019
E38000055,09F,"NHS Eastbourne, Hailsham And Seaford CCG",Non-smokers,1506,2018/2019
E38000055,09F,"NHS Eastbourne, Hailsham And Seaford CCG",Not known,4,2018/2019
E38000055,09F,"NHS Eastbourne, Hailsham And Seaford CCG",Smokers,182,2018/2019
E38000056,01C,NHS Eastern Cheshire CCG,Maternities,1694,2018/2019
E38000056,01C,NHS Eastern Cheshire CCG,Non-smokers,1564,2018/2019
E38000056,01C,NHS Eastern Cheshire CCG,Not known,1,2018/2019
E38000056,01C,NHS Eastern Cheshire CCG,Smokers,129,2018/2019
E38000057,07X,NHS Enfield CCG,Maternities,4078,2018/2019
E38000057,07X,NHS Enfield CCG,Non-smokers,3657,2018/2019
E38000057,07X,NHS Enfield CCG,Not known,144,2018/2019
E38000057,07X,NHS Enfield CCG,Smokers,277,2018/2019
E38000058,03X,NHS Erewash CCG,Maternities,889,2018/2019
E38000058,03X,NHS Erewash CCG,Non-smokers,720,2018/2019
E38000058,03X,NHS Erewash CCG,Not known,17,2018/2019
E38000058,03X,NHS Erewash CCG,Smokers,152,2018/2019
E38000059,10K,NHS Fareham And Gosport CCG,Maternities,1786,2018/2019
E38000059,10K,NHS Fareham And Gosport CCG,Non-smokers,1516,2018/2019
E38000059,10K,NHS Fareham And Gosport CCG,Not known,45,2018/2019
E38000059,10K,NHS Fareham And Gosport CCG,Smokers,225,2018/2019
E38000062,11M,NHS Gloucestershire CCG,Maternities,6026,2018/2019
E38000062,11M,NHS Gloucestershire CCG,Non-smokers,5353,2018/2019
E38000062,11M,NHS Gloucestershire CCG,Not known,7,2018/2019
E38000062,11M,NHS Gloucestershire CCG,Smokers,666,2018/2019
E38000063,06M,NHS Great Yarmouth And Waveney CCG,Maternities,2059,2018/2019
E38000063,06M,NHS Great Yarmouth And Waveney CCG,Non-smokers,1663,2018/2019
E38000063,06M,NHS Great Yarmouth And Waveney CCG,Not known,0,2018/2019
E38000063,06M,NHS Great Yarmouth And Waveney CCG,Smokers,396,2018/2019
E38000064,03A,NHS Greater Huddersfield CCG,Maternities,2241,2018/2019
E38000064,03A,NHS Greater Huddersfield CCG,Non-smokers,1957,2018/2019
E38000064,03A,NHS Greater Huddersfield CCG,Not known,16,2018/2019
E38000064,03A,NHS Greater Huddersfield CCG,Smokers,268,2018/2019
E38000066,08A,NHS Greenwich CCG,Maternities,3997,2018/2019
E38000066,08A,NHS Greenwich CCG,Non-smokers,3605,2018/2019
E38000066,08A,NHS Greenwich CCG,Not known,86,2018/2019
E38000066,08A,NHS Greenwich CCG,Smokers,306,2018/2019
E38000068,01F,NHS Halton CCG,Maternities,1281,2018/2019
E38000068,01F,NHS Halton CCG,Non-smokers,1053,2018/2019
E38000068,01F,NHS Halton CCG,Not known,8,2018/2019
E38000068,01F,NHS Halton CCG,Smokers,220,2018/2019
E38000069,03D,"NHS Hambleton, Richmondshire And Whitby CCG",Maternities,1190,2018/2019
E38000069,03D,"NHS Hambleton, Richmondshire And Whitby CCG",Non-smokers,1100,2018/2019
E38000069,03D,"NHS Hambleton, Richmondshire And Whitby CCG",Not known,1,2018/2019
E38000069,03D,"NHS Hambleton, Richmondshire And Whitby CCG",Smokers,89,2018/2019
E38000070,08C,NHS Hammersmith And Fulham CCG,Maternities,2156,2018/2019
E38000070,08C,NHS Hammersmith And Fulham CCG,Non-smokers,2089,2018/2019
E38000070,08C,NHS Hammersmith And Fulham CCG,Not known,18,2018/2019
E38000070,08C,NHS Hammersmith And Fulham CCG,Smokers,49,2018/2019
E38000071,03Y,NHS Hardwick CCG,Maternities,1008,2018/2019
E38000071,03Y,NHS Hardwick CCG,Non-smokers,797,2018/2019
E38000071,03Y,NHS Hardwick CCG,Not known,7,2018/2019
E38000071,03Y,NHS Hardwick CCG,Smokers,204,2018/2019
E38000072,08D,NHS Haringey CCG,Maternities,3757,2018/2019
E38000072,08D,NHS Haringey CCG,Non-smokers,3478,2018/2019
E38000072,08D,NHS Haringey CCG,Not known,54,2018/2019
E38000072,08D,NHS Haringey CCG,Smokers,225,2018/2019
E38000073,03E,NHS Harrogate And Rural District CCG,Maternities,1302,2018/2019
E38000073,03E,NHS Harrogate And Rural District CCG,Non-smokers,1173,2018/2019
E38000073,03E,NHS Harrogate And Rural District CCG,Not known,26,2018/2019
E38000073,03E,NHS Harrogate And Rural District CCG,Smokers,103,2018/2019
E38000074,08E,NHS Harrow CCG,Maternities,3169,2018/2019
E38000074,08E,NHS Harrow CCG,Non-smokers,2976,2018/2019
E38000074,08E,NHS Harrow CCG,Not known,49,2018/2019
E38000074,08E,NHS Harrow CCG,Smokers,144,2018/2019
E38000075,00K,NHS Hartlepool And Stockton-On-Tees CCG,Maternities,2871,2018/2019
E38000075,00K,NHS Hartlepool And Stockton-On-Tees CCG,Non-smokers,2362,2018/2019
E38000075,00K,NHS Hartlepool And Stockton-On-Tees CCG,Not known,2,2018/2019
E38000075,00K,NHS Hartlepool And Stockton-On-Tees CCG,Smokers,507,2018/2019
E38000076,09P,NHS Hastings And Rother CCG,Maternities,1975,2018/2019
E38000076,09P,NHS Hastings And Rother CCG,Non-smokers,1671,2018/2019
E38000076,09P,NHS Hastings And Rother CCG,Not known,0,2018/2019
E38000076,09P,NHS Hastings And Rother CCG,Smokers,304,2018/2019
E38000077,08F,NHS Havering CCG,Maternities,3120,2018/2019
E38000077,08F,NHS Havering CCG,Non-smokers,2888,2018/2019
E38000077,08F,NHS Havering CCG,Not known,5,2018/2019
E38000077,08F,NHS Havering CCG,Smokers,227,2018/2019
E38000078,05F,NHS Herefordshire CCG,Maternities,1619,2018/2019
E38000078,05F,NHS Herefordshire CCG,Non-smokers,1346,2018/2019
E38000078,05F,NHS Herefordshire CCG,Not known,65,2018/2019
E38000078,05F,NHS Herefordshire CCG,Smokers,208,2018/2019
E38000079,06N,NHS Herts Valleys CCG,Maternities,6658,2018/2019
E38000079,06N,NHS Herts Valleys CCG,Non-smokers,6204,2018/2019
E38000079,06N,NHS Herts Valleys CCG,Not known,117,2018/2019
E38000079,06N,NHS Herts Valleys CCG,Smokers,337,2018/2019
E38000080,01D,"NHS Heywood, Middleton And Rochdale CCG",Maternities,2724,2018/2019
E38000080,01D,"NHS Heywood, Middleton And Rochdale CCG",Non-smokers,2286,2018/2019
E38000080,01D,"NHS Heywood, Middleton And Rochdale CCG",Not known,0,2018/2019
E38000080,01D,"NHS Heywood, Middleton And Rochdale CCG",Smokers,438,2018/2019
E38000081,99K,NHS High Weald Lewes Havens CCG,Maternities,1275,2018/2019
E38000081,99K,NHS High Weald Lewes Havens CCG,Non-smokers,1175,2018/2019
E38000081,99K,NHS High Weald Lewes Havens CCG,Not known,12,2018/2019
E38000081,99K,NHS High Weald Lewes Havens CCG,Smokers,88,2018/2019
E38000082,08G,NHS Hillingdon CCG,Maternities,3647,2018/2019
E38000082,08G,NHS Hillingdon CCG,Non-smokers,3410,2018/2019
E38000082,08G,NHS Hillingdon CCG,Not known,13,2018/2019
E38000082,08G,NHS Hillingdon CCG,Smokers,224,2018/2019
E38000083,09X,NHS Horsham And Mid Sussex CCG,Maternities,2112,2018/2019
E38000083,09X,NHS Horsham And Mid Sussex CCG,Non-smokers,1961,2018/2019
E38000083,09X,NHS Horsham And Mid Sussex CCG,Not known,66,2018/2019
E38000083,09X,NHS Horsham And Mid Sussex CCG,Smokers,85,2018/2019
E38000084,07Y,NHS Hounslow CCG,Maternities,2836,2018/2019
E38000084,07Y,NHS Hounslow CCG,Non-smokers,2628,2018/2019
E38000084,07Y,NHS Hounslow CCG,Not known,39,2018/2019
E38000084,07Y,NHS Hounslow CCG,Smokers,169,2018/2019
E38000085,03F,NHS Hull CCG,Maternities,3334,2018/2019
E38000085,03F,NHS Hull CCG,Non-smokers,2665,2018/2019
E38000085,03F,NHS Hull CCG,Not known,6,2018/2019
E38000085,03F,NHS Hull CCG,Smokers,663,2018/2019
E38000086,06L,NHS Ipswich And East Suffolk CCG,Maternities,3675,2018/2019
E38000086,06L,NHS Ipswich And East Suffolk CCG,Non-smokers,3319,2018/2019
E38000086,06L,NHS Ipswich And East Suffolk CCG,Not known,93,2018/2019
E38000086,06L,NHS Ipswich And East Suffolk CCG,Smokers,263,2018/2019
E38000087,10L,NHS Isle Of Wight CCG,Maternities,1075,2018/2019
E38000087,10L,NHS Isle Of Wight CCG,Non-smokers,906,2018/2019
E38000087,10L,NHS Isle Of Wight CCG,Not known,1,2018/2019
E38000087,10L,NHS Isle Of Wight CCG,Smokers,168,2018/2019
E38000088,08H,NHS Islington CCG,Maternities,2725,2018/2019
E38000088,08H,NHS Islington CCG,Non-smokers,2514,2018/2019
E38000088,08H,NHS Islington CCG,Not known,51,2018/2019
E38000088,08H,NHS Islington CCG,Smokers,160,2018/2019
E38000089,11N,NHS Kernow CCG,Maternities,4817,2018/2019
E38000089,11N,NHS Kernow CCG,Non-smokers,4179,2018/2019
E38000089,11N,NHS Kernow CCG,Not known,20,2018/2019
E38000089,11N,NHS Kernow CCG,Smokers,618,2018/2019
E38000090,08J,NHS Kingston CCG,Maternities,2158,2018/2019
E38000090,08J,NHS Kingston CCG,Non-smokers,2083,2018/2019
E38000090,08J,NHS Kingston CCG,Not known,2,2018/2019
E38000090,08J,NHS Kingston CCG,Smokers,73,2018/2019
E38000091,01J,NHS Knowsley CCG,Maternities,1962,2018/2019
E38000091,01J,NHS Knowsley CCG,Non-smokers,1672,2018/2019
E38000091,01J,NHS Knowsley CCG,Not known,5,2018/2019
E38000091,01J,NHS Knowsley CCG,Smokers,285,2018/2019
E38000092,08K,NHS Lambeth CCG,Maternities,4526,2018/2019
E38000092,08K,NHS Lambeth CCG,Non-smokers,4237,2018/2019
E38000092,08K,NHS Lambeth CCG,Not known,123,2018/2019
E38000092,08K,NHS Lambeth CCG,Smokers,166,2018/2019
E38000097,04C,NHS Leicester City CCG,Maternities,4685,2018/2019
E38000097,04C,NHS Leicester City CCG,Non-smokers,4207,2018/2019
E38000097,04C,NHS Leicester City CCG,Not known,0,2018/2019
E38000097,04C,NHS Leicester City CCG,Smokers,478,2018/2019
E38000098,08L,NHS Lewisham CCG,Maternities,4314,2018/2019
E38000098,08L,NHS Lewisham CCG,Non-smokers,3747,2018/2019
E38000098,08L,NHS Lewisham CCG,Not known,341,2018/2019
E38000098,08L,NHS Lewisham CCG,Smokers,226,2018/2019
E38000099,03T,NHS Lincolnshire East CCG,Maternities,2036,2018/2019
E38000099,03T,NHS Lincolnshire East CCG,Non-smokers,1618,2018/2019
E38000099,03T,NHS Lincolnshire East CCG,Not known,13,2018/2019
E38000099,03T,NHS Lincolnshire East CCG,Smokers,405,2018/2019
E38000100,04D,NHS Lincolnshire West CCG,Maternities,2194,2018/2019
E38000100,04D,NHS Lincolnshire West CCG,Non-smokers,1841,2018/2019
E38000100,04D,NHS Lincolnshire West CCG,Not known,19,2018/2019
E38000100,04D,NHS Lincolnshire West CCG,Smokers,334,2018/2019
E38000101,99A,NHS Liverpool CCG,Maternities,5669,2018/2019
E38000101,99A,NHS Liverpool CCG,Non-smokers,4929,2018/2019
E38000101,99A,NHS Liverpool CCG,Not known,1,2018/2019
E38000101,99A,NHS Liverpool CCG,Smokers,739,2018/2019
E38000102,06P,NHS Luton CCG,Maternities,3149,2018/2019
E38000102,06P,NHS Luton CCG,Non-smokers,2845,2018/2019
E38000102,06P,NHS Luton CCG,Not known,8,2018/2019
E38000102,06P,NHS Luton CCG,Smokers,296,2018/2019
E38000103,04E,NHS Mansfield And Ashfield CCG,Maternities,1992,2018/2019
E38000103,04E,NHS Mansfield And Ashfield CCG,Non-smokers,1564,2018/2019
E38000103,04E,NHS Mansfield And Ashfield CCG,Not known,1,2018/2019
E38000103,04E,NHS Mansfield And Ashfield CCG,Smokers,427,2018/2019
E38000104,09W,NHS Medway CCG,Maternities,3555,2018/2019
E38000104,09W,NHS Medway CCG,Non-smokers,2990,2018/2019
E38000104,09W,NHS Medway CCG,Not known,1,2018/2019
E38000104,09W,NHS Medway CCG,Smokers,564,2018/2019
E38000105,08R,NHS Merton CCG,Maternities,2485,2018/2019
E38000105,08R,NHS Merton CCG,Non-smokers,2369,2018/2019
E38000105,08R,NHS Merton CCG,Not known,12,2018/2019
E38000105,08R,NHS Merton CCG,Smokers,104,2018/2019
E38000106,06Q,NHS Mid Essex CCG,Maternities,3804,2018/2019
E38000106,06Q,NHS Mid Essex CCG,Non-smokers,3201,2018/2019
E38000106,06Q,NHS Mid Essex CCG,Not known,396,2018/2019
E38000106,06Q,NHS Mid Essex CCG,Smokers,207,2018/2019
E38000107,04F,NHS Milton Keynes CCG,Maternities,3178,2018/2019
E38000107,04F,NHS Milton Keynes CCG,Non-smokers,2413,2018/2019
E38000107,04F,NHS Milton Keynes CCG,Not known,396,2018/2019
E38000107,04F,NHS Milton Keynes CCG,Smokers,369,2018/2019
E38000108,04G,NHS Nene CCG,Maternities,7055,2018/2019
E38000108,04G,NHS Nene CCG,Non-smokers,6124,2018/2019
E38000108,04G,NHS Nene CCG,Not known,25,2018/2019
E38000108,04G,NHS Nene CCG,Smokers,906,2018/2019
E38000109,04H,NHS Newark And Sherwood CCG,Maternities,1150,2018/2019
E38000109,04H,NHS Newark And Sherwood CCG,Non-smokers,951,2018/2019
E38000109,04H,NHS Newark And Sherwood CCG,Not known,6,2018/2019
E38000109,04H,NHS Newark And Sherwood CCG,Smokers,193,2018/2019
E38000113,08M,NHS Newham CCG,Maternities,5240,2018/2019
E38000113,08M,NHS Newham CCG,Non-smokers,4855,2018/2019
E38000113,08M,NHS Newham CCG,Not known,148,2018/2019
E38000113,08M,NHS Newham CCG,Smokers,237,2018/2019
E38000115,04J,NHS North Derbyshire CCG,Maternities,2415,2018/2019
E38000115,04J,NHS North Derbyshire CCG,Non-smokers,2053,2018/2019
E38000115,04J,NHS North Derbyshire CCG,Not known,9,2018/2019
E38000115,04J,NHS North Derbyshire CCG,Smokers,353,2018/2019
E38000116,00J,NHS North Durham CCG,Maternities,2140,2018/2019
E38000116,00J,NHS North Durham CCG,Non-smokers,1836,2018/2019
E38000116,00J,NHS North Durham CCG,Not known,13,2018/2019
E38000116,00J,NHS North Durham CCG,Smokers,291,2018/2019
E38000117,06T,NHS North East Essex CCG,Maternities,3129,2018/2019
E38000117,06T,NHS North East Essex CCG,Non-smokers,2674,2018/2019
E38000117,06T,NHS North East Essex CCG,Not known,7,2018/2019
E38000117,06T,NHS North East Essex CCG,Smokers,448,2018/2019
E38000118,99M,NHS North East Hampshire And Farnham CCG,Maternities,2337,2018/2019
E38000118,99M,NHS North East Hampshire And Farnham CCG,Non-smokers,2168,2018/2019
E38000118,99M,NHS North East Hampshire And Farnham CCG,Not known,0,2018/2019
E38000118,99M,NHS North East Hampshire And Farnham CCG,Smokers,169,2018/2019
E38000119,03H,NHS North East Lincolnshire CCG,Maternities,1618,2018/2019
E38000119,03H,NHS North East Lincolnshire CCG,Non-smokers,1242,2018/2019
E38000119,03H,NHS North East Lincolnshire CCG,Not known,0,2018/2019
E38000119,03H,NHS North East Lincolnshire CCG,Smokers,376,2018/2019
E38000120,10J,NHS North Hampshire CCG,Maternities,2255,2018/2019
E38000120,10J,NHS North Hampshire CCG,Non-smokers,2067,2018/2019
E38000120,10J,NHS North Hampshire CCG,Not known,1,2018/2019
E38000120,10J,NHS North Hampshire CCG,Smokers,187,2018/2019
E38000121,03J,NHS North Kirklees CCG,Maternities,2366,2018/2019
E38000121,03J,NHS North Kirklees CCG,Non-smokers,2036,2018/2019
E38000121,03J,NHS North Kirklees CCG,Not known,19,2018/2019
E38000121,03J,NHS North Kirklees CCG,Smokers,311,2018/2019
E38000122,03K,NHS North Lincolnshire CCG,Maternities,1547,2018/2019
E38000122,03K,NHS North Lincolnshire CCG,Non-smokers,1250,2018/2019
E38000122,03K,NHS North Lincolnshire CCG,Not known,1,2018/2019
E38000122,03K,NHS North Lincolnshire CCG,Smokers,296,2018/2019
E38000124,06V,NHS North Norfolk CCG,Maternities,1251,2018/2019
E38000124,06V,NHS North Norfolk CCG,Non-smokers,1127,2018/2019
E38000124,06V,NHS North Norfolk CCG,Not known,0,2018/2019
E38000124,06V,NHS North Norfolk CCG,Smokers,124,2018/2019
E38000126,05G,NHS North Staffordshire CCG,Maternities,1862,2018/2019
E38000126,05G,NHS North Staffordshire CCG,Non-smokers,1601,2018/2019
E38000126,05G,NHS North Staffordshire CCG,Not known,5,2018/2019
E38000126,05G,NHS North Staffordshire CCG,Smokers,256,2018/2019
E38000127,99C,NHS North Tyneside CCG,Maternities,2198,2018/2019
E38000127,99C,NHS North Tyneside CCG,Non-smokers,1936,2018/2019
E38000127,99C,NHS North Tyneside CCG,Not known,30,2018/2019
E38000127,99C,NHS North Tyneside CCG,Smokers,232,2018/2019
E38000128,09Y,NHS North West Surrey CCG,Maternities,3963,2018/2019
E38000128,09Y,NHS North West Surrey CCG,Non-smokers,3374,2018/2019
E38000128,09Y,NHS North West Surrey CCG,Not known,360,2018/2019
E38000128,09Y,NHS North West Surrey CCG,Smokers,229,2018/2019
E38000129,99P,"NHS Northern, Eastern And Western Devon CCG",Maternities,7898,2018/2019
E38000129,99P,"NHS Northern, Eastern And Western Devon CCG",Non-smokers,6819,2018/2019
E38000129,99P,"NHS Northern, Eastern And Western Devon CCG",Not known,217,2018/2019
E38000129,99P,"NHS Northern, Eastern And Western Devon CCG",Smokers,862,2018/2019
E38000130,00L,NHS Northumberland CCG,Maternities,2533,2018/2019
E38000130,00L,NHS Northumberland CCG,Non-smokers,2137,2018/2019
E38000130,00L,NHS Northumberland CCG,Not known,61,2018/2019
E38000130,00L,NHS Northumberland CCG,Smokers,335,2018/2019
E38000132,04K,NHS Nottingham City CCG,Maternities,3957,2018/2019
E38000132,04K,NHS Nottingham City CCG,Non-smokers,3266,2018/2019
E38000132,04K,NHS Nottingham City CCG,Not known,73,2018/2019
E38000132,04K,NHS Nottingham City CCG,Smokers,618,2018/2019
E38000133,04L,NHS Nottingham North And East CCG,Maternities,1405,2018/2019
E38000133,04L,NHS Nottingham North And East CCG,Non-smokers,1223,2018/2019
E38000133,04L,NHS Nottingham North And East CCG,Not known,12,2018/2019
E38000133,04L,NHS Nottingham North And East CCG,Smokers,170,2018/2019
E38000134,04M,NHS Nottingham West CCG,Maternities,818,2018/2019
E38000134,04M,NHS Nottingham West CCG,Non-smokers,708,2018/2019
E38000134,04M,NHS Nottingham West CCG,Not known,10,2018/2019
E38000134,04M,NHS Nottingham West CCG,Smokers,100,2018/2019
E38000135,00Y,NHS Oldham CCG,Maternities,3175,2018/2019
E38000135,00Y,NHS Oldham CCG,Non-smokers,2744,2018/2019
E38000135,00Y,NHS Oldham CCG,Not known,0,2018/2019
E38000135,00Y,NHS Oldham CCG,Smokers,431,2018/2019
E38000136,10Q,NHS Oxfordshire CCG,Maternities,6325,2018/2019
E38000136,10Q,NHS Oxfordshire CCG,Non-smokers,5822,2018/2019
E38000136,10Q,NHS Oxfordshire CCG,Not known,32,2018/2019
E38000136,10Q,NHS Oxfordshire CCG,Smokers,471,2018/2019
E38000137,10R,NHS Portsmouth CCG,Maternities,2346,2018/2019
E38000137,10R,NHS Portsmouth CCG,Non-smokers,1988,2018/2019
E38000137,10R,NHS Portsmouth CCG,Not known,61,2018/2019
E38000137,10R,NHS Portsmouth CCG,Smokers,297,2018/2019
E38000138,08N,NHS Redbridge CCG,Maternities,3988,2018/2019
E38000138,08N,NHS Redbridge CCG,Non-smokers,3771,2018/2019
E38000138,08N,NHS Redbridge CCG,Not known,63,2018/2019
E38000138,08N,NHS Redbridge CCG,Smokers,154,2018/2019
E38000139,05J,NHS Redditch And Bromsgrove CCG,Maternities,1814,2018/2019
E38000139,05J,NHS Redditch And Bromsgrove CCG,Non-smokers,1523,2018/2019
E38000139,05J,NHS Redditch And Bromsgrove CCG,Not known,84,2018/2019
E38000139,05J,NHS Redditch And Bromsgrove CCG,Smokers,207,2018/2019
E38000140,08P,NHS Richmond CCG,Maternities,1972,2018/2019
E38000140,08P,NHS Richmond CCG,Non-smokers,1915,2018/2019
E38000140,08P,NHS Richmond CCG,Not known,13,2018/2019
E38000140,08P,NHS Richmond CCG,Smokers,44,2018/2019
E38000141,03L,NHS Rotherham CCG,Maternities,2483,2018/2019
E38000141,03L,NHS Rotherham CCG,Non-smokers,2038,2018/2019
E38000141,03L,NHS Rotherham CCG,Not known,0,2018/2019
E38000141,03L,NHS Rotherham CCG,Smokers,445,2018/2019
E38000142,04N,NHS Rushcliffe CCG,Maternities,1077,2018/2019
E38000142,04N,NHS Rushcliffe CCG,Non-smokers,1002,2018/2019
E38000142,04N,NHS Rushcliffe CCG,Not known,10,2018/2019
E38000142,04N,NHS Rushcliffe CCG,Smokers,65,2018/2019
E38000143,01G,NHS Salford CCG,Maternities,3383,2018/2019
E38000143,01G,NHS Salford CCG,Non-smokers,3016,2018/2019
E38000143,01G,NHS Salford CCG,Not known,1,2018/2019
E38000143,01G,NHS Salford CCG,Smokers,366,2018/2019
E38000144,05L,NHS Sandwell And West Birmingham CCG,Maternities,7248,2018/2019
E38000144,05L,NHS Sandwell And West Birmingham CCG,Non-smokers,6222,2018/2019
E38000144,05L,NHS Sandwell And West Birmingham CCG,Not known,330,2018/2019
E38000144,05L,NHS Sandwell And West Birmingham CCG,Smokers,696,2018/2019
E38000145,03M,NHS Scarborough And Ryedale CCG,Maternities,990,2018/2019
E38000145,03M,NHS Scarborough And Ryedale CCG,Non-smokers,839,2018/2019
E38000145,03M,NHS Scarborough And Ryedale CCG,Not known,3,2018/2019
E38000145,03M,NHS Scarborough And Ryedale CCG,Smokers,148,2018/2019
E38000146,03N,NHS Sheffield CCG,Maternities,5812,2018/2019
E38000146,03N,NHS Sheffield CCG,Non-smokers,5133,2018/2019
E38000146,03N,NHS Sheffield CCG,Not known,0,2018/2019
E38000146,03N,NHS Sheffield CCG,Smokers,679,2018/2019
E38000147,05N,NHS Shropshire CCG,Maternities,2497,2018/2019
E38000147,05N,NHS Shropshire CCG,Non-smokers,2140,2018/2019
E38000147,05N,NHS Shropshire CCG,Not known,10,2018/2019
E38000147,05N,NHS Shropshire CCG,Smokers,347,2018/2019
E38000150,11X,NHS Somerset CCG,Maternities,4980,2018/2019
E38000150,11X,NHS Somerset CCG,Non-smokers,4393,2018/2019
E38000150,11X,NHS Somerset CCG,Not known,3,2018/2019
E38000150,11X,NHS Somerset CCG,Smokers,584,2018/2019
E38000151,01R,NHS South Cheshire CCG,Maternities,1708,2018/2019
E38000151,01R,NHS South Cheshire CCG,Non-smokers,1451,2018/2019
E38000151,01R,NHS South Cheshire CCG,Not known,16,2018/2019
E38000151,01R,NHS South Cheshire CCG,Smokers,241,2018/2019
E38000152,99Q,NHS South Devon And Torbay CCG,Maternities,2522,2018/2019
E38000152,99Q,NHS South Devon And Torbay CCG,Non-smokers,2171,2018/2019
E38000152,99Q,NHS South Devon And Torbay CCG,Not known,19,2018/2019
E38000152,99Q,NHS South Devon And Torbay CCG,Smokers,332,2018/2019
E38000153,05Q,NHS South East Staffordshire And Seisdon Peninsula CCG,Maternities,1939,2018/2019
E38000153,05Q,NHS South East Staffordshire And Seisdon Peninsula CCG,Non-smokers,1524,2018/2019
E38000153,05Q,NHS South East Staffordshire And Seisdon Peninsula CCG,Not known,189,2018/2019
E38000153,05Q,NHS South East Staffordshire And Seisdon Peninsula CCG,Smokers,226,2018/2019
E38000154,10V,NHS South Eastern Hampshire CCG,Maternities,1920,2018/2019
E38000154,10V,NHS South Eastern Hampshire CCG,Non-smokers,1654,2018/2019
E38000154,10V,NHS South Eastern Hampshire CCG,Not known,52,2018/2019
E38000154,10V,NHS South Eastern Hampshire CCG,Smokers,214,2018/2019
E38000156,10A,NHS South Kent Coast CCG,Maternities,1831,2018/2019
E38000156,10A,NHS South Kent Coast CCG,Non-smokers,1453,2018/2019
E38000156,10A,NHS South Kent Coast CCG,Not known,34,2018/2019
E38000156,10A,NHS South Kent Coast CCG,Smokers,344,2018/2019
E38000157,99D,NHS South Lincolnshire CCG,Maternities,1319,2018/2019
E38000157,99D,NHS South Lincolnshire CCG,Non-smokers,1077,2018/2019
E38000157,99D,NHS South Lincolnshire CCG,Not known,67,2018/2019
E38000157,99D,NHS South Lincolnshire CCG,Smokers,175,2018/2019
E38000161,01T,NHS South Sefton CCG,Maternities,1515,2018/2019
E38000161,01T,NHS South Sefton CCG,Non-smokers,1295,2018/2019
E38000161,01T,NHS South Sefton CCG,Not known,2,2018/2019
E38000161,01T,NHS South Sefton CCG,Smokers,218,2018/2019
E38000162,00M,NHS South Tees CCG,Maternities,3103,2018/2019
E38000162,00M,NHS South Tees CCG,Non-smokers,2502,2018/2019
E38000162,00M,NHS South Tees CCG,Not known,1,2018/2019
E38000162,00M,NHS South Tees CCG,Smokers,600,2018/2019
E38000163,00N,NHS South Tyneside CCG,Maternities,1489,2018/2019
E38000163,00N,NHS South Tyneside CCG,Non-smokers,1280,2018/2019
E38000163,00N,NHS South Tyneside CCG,Not known,1,2018/2019
E38000163,00N,NHS South Tyneside CCG,Smokers,208,2018/2019
E38000164,05R,NHS South Warwickshire CCG,Maternities,2351,2018/2019
E38000164,05R,NHS South Warwickshire CCG,Non-smokers,2151,2018/2019
E38000164,05R,NHS South Warwickshire CCG,Not known,43,2018/2019
E38000164,05R,NHS South Warwickshire CCG,Smokers,157,2018/2019
E38000165,04Q,NHS South West Lincolnshire CCG,Maternities,1007,2018/2019
E38000165,04Q,NHS South West Lincolnshire CCG,Non-smokers,848,2018/2019
E38000165,04Q,NHS South West Lincolnshire CCG,Not known,17,2018/2019
E38000165,04Q,NHS South West Lincolnshire CCG,Smokers,142,2018/2019
E38000166,05T,NHS South Worcestershire CCG,Maternities,2684,2018/2019
E38000166,05T,NHS South Worcestershire CCG,Non-smokers,2272,2018/2019
E38000166,05T,NHS South Worcestershire CCG,Not known,70,2018/2019
E38000166,05T,NHS South Worcestershire CCG,Smokers,342,2018/2019
E38000167,10X,NHS Southampton CCG,Maternities,3128,2018/2019
E38000167,10X,NHS Southampton CCG,Non-smokers,2728,2018/2019
E38000167,10X,NHS Southampton CCG,Not known,16,2018/2019
E38000167,10X,NHS Southampton CCG,Smokers,384,2018/2019
E38000168,99G,NHS Southend CCG,Maternities,1903,2018/2019
E38000168,99G,NHS Southend CCG,Non-smokers,1682,2018/2019
E38000168,99G,NHS Southend CCG,Not known,48,2018/2019
E38000168,99G,NHS Southend CCG,Smokers,173,2018/2019
E38000169,04R,NHS Southern Derbyshire CCG,Maternities,5624,2018/2019
E38000169,04R,NHS Southern Derbyshire CCG,Non-smokers,4739,2018/2019
E38000169,04R,NHS Southern Derbyshire CCG,Not known,5,2018/2019
E38000169,04R,NHS Southern Derbyshire CCG,Smokers,880,2018/2019
E38000170,01V,NHS Southport And Formby CCG,Maternities,912,2018/2019
E38000170,01V,NHS Southport And Formby CCG,Non-smokers,817,2018/2019
E38000170,01V,NHS Southport And Formby CCG,Not known,0,2018/2019
E38000170,01V,NHS Southport And Formby CCG,Smokers,95,2018/2019
E38000171,08Q,NHS Southwark CCG,Maternities,3905,2018/2019
E38000171,08Q,NHS Southwark CCG,Non-smokers,3618,2018/2019
E38000171,08Q,NHS Southwark CCG,Not known,124,2018/2019
E38000171,08Q,NHS Southwark CCG,Smokers,163,2018/2019
E38000172,01X,NHS St Helens CCG,Maternities,1883,2018/2019
E38000172,01X,NHS St Helens CCG,Non-smokers,1572,2018/2019
E38000172,01X,NHS St Helens CCG,Not known,7,2018/2019
E38000172,01X,NHS St Helens CCG,Smokers,304,2018/2019
E38000173,05V,NHS Stafford And Surrounds CCG,Maternities,1408,2018/2019
E38000173,05V,NHS Stafford And Surrounds CCG,Non-smokers,1234,2018/2019
E38000173,05V,NHS Stafford And Surrounds CCG,Not known,9,2018/2019
E38000173,05V,NHS Stafford And Surrounds CCG,Smokers,165,2018/2019
E38000174,01W,NHS Stockport CCG,Maternities,3227,2018/2019
E38000174,01W,NHS Stockport CCG,Non-smokers,2930,2018/2019
E38000174,01W,NHS Stockport CCG,Not known,0,2018/2019
E38000174,01W,NHS Stockport CCG,Smokers,297,2018/2019
E38000175,05W,NHS Stoke On Trent CCG,Maternities,3457,2018/2019
E38000175,05W,NHS Stoke On Trent CCG,Non-smokers,2828,2018/2019
E38000175,05W,NHS Stoke On Trent CCG,Not known,23,2018/2019
E38000175,05W,NHS Stoke On Trent CCG,Smokers,606,2018/2019
E38000176,00P,NHS Sunderland CCG,Maternities,2583,2018/2019
E38000176,00P,NHS Sunderland CCG,Non-smokers,2121,2018/2019
E38000176,00P,NHS Sunderland CCG,Not known,12,2018/2019
E38000176,00P,NHS Sunderland CCG,Smokers,450,2018/2019
E38000177,99H,NHS Surrey Downs CCG,Maternities,2701,2018/2019
E38000177,99H,NHS Surrey Downs CCG,Non-smokers,2539,2018/2019
E38000177,99H,NHS Surrey Downs CCG,Not known,29,2018/2019
E38000177,99H,NHS Surrey Downs CCG,Smokers,133,2018/2019
E38000178,10C,NHS Surrey Heath CCG,Maternities,901,2018/2019
E38000178,10C,NHS Surrey Heath CCG,Non-smokers,838,2018/2019
E38000178,10C,NHS Surrey Heath CCG,Not known,0,2018/2019
E38000178,10C,NHS Surrey Heath CCG,Smokers,63,2018/2019
E38000179,08T,NHS Sutton CCG,Maternities,2185,2018/2019
E38000179,08T,NHS Sutton CCG,Non-smokers,2021,2018/2019
E38000179,08T,NHS Sutton CCG,Not known,33,2018/2019
E38000179,08T,NHS Sutton CCG,Smokers,131,2018/2019
E38000180,10D,NHS Swale CCG,Maternities,1401,2018/2019
E38000180,10D,NHS Swale CCG,Non-smokers,1105,2018/2019
E38000180,10D,NHS Swale CCG,Not known,1,2018/2019
E38000180,10D,NHS Swale CCG,Smokers,295,2018/2019
E38000181,12D,NHS Swindon CCG,Maternities,2583,2018/2019
E38000181,12D,NHS Swindon CCG,Non-smokers,2297,2018/2019
E38000181,12D,NHS Swindon CCG,Not known,0,2018/2019
E38000181,12D,NHS Swindon CCG,Smokers,286,2018/2019
E38000182,01Y,NHS Tameside And Glossop CCG,Maternities,2721,2018/2019
E38000182,01Y,NHS Tameside And Glossop CCG,Non-smokers,2318,2018/2019
E38000182,01Y,NHS Tameside And Glossop CCG,Not known,6,2018/2019
E38000182,01Y,NHS Tameside And Glossop CCG,Smokers,397,2018/2019
E38000183,05X,NHS Telford And Wrekin CCG,Maternities,1983,2018/2019
E38000183,05X,NHS Telford And Wrekin CCG,Non-smokers,1589,2018/2019
E38000183,05X,NHS Telford And Wrekin CCG,Not known,3,2018/2019
E38000183,05X,NHS Telford And Wrekin CCG,Smokers,391,2018/2019
E38000184,10E,NHS Thanet CCG,Maternities,1449,2018/2019
E38000184,10E,NHS Thanet CCG,Non-smokers,1154,2018/2019
E38000184,10E,NHS Thanet CCG,Not known,12,2018/2019
E38000184,10E,NHS Thanet CCG,Smokers,283,2018/2019
E38000185,07G,NHS Thurrock CCG,Maternities,2030,2018/2019
E38000185,07G,NHS Thurrock CCG,Non-smokers,1815,2018/2019
E38000185,07G,NHS Thurrock CCG,Not known,0,2018/2019
E38000185,07G,NHS Thurrock CCG,Smokers,215,2018/2019
E38000186,08V,NHS Tower Hamlets CCG,Maternities,4282,2018/2019
E38000186,08V,NHS Tower Hamlets CCG,Non-smokers,4054,2018/2019
E38000186,08V,NHS Tower Hamlets CCG,Not known,78,2018/2019
E38000186,08V,NHS Tower Hamlets CCG,Smokers,150,2018/2019
E38000187,02A,NHS Trafford CCG,Maternities,2475,2018/2019
E38000187,02A,NHS Trafford CCG,Non-smokers,2339,2018/2019
E38000187,02A,NHS Trafford CCG,Not known,0,2018/2019
E38000187,02A,NHS Trafford CCG,Smokers,136,2018/2019
E38000188,03Q,NHS Vale Of York CCG,Maternities,3032,2018/2019
E38000188,03Q,NHS Vale Of York CCG,Non-smokers,2660,2018/2019
E38000188,03Q,NHS Vale Of York CCG,Not known,22,2018/2019
E38000188,03Q,NHS Vale Of York CCG,Smokers,350,2018/2019
E38000189,02D,NHS Vale Royal CCG,Maternities,1048,2018/2019
E38000189,02D,NHS Vale Royal CCG,Non-smokers,898,2018/2019
E38000189,02D,NHS Vale Royal CCG,Not known,15,2018/2019
E38000189,02D,NHS Vale Royal CCG,Smokers,135,2018/2019
E38000190,03R,NHS Wakefield CCG,Maternities,3787,2018/2019
E38000190,03R,NHS Wakefield CCG,Non-smokers,3149,2018/2019
E38000190,03R,NHS Wakefield CCG,Not known,21,2018/2019
E38000190,03R,NHS Wakefield CCG,Smokers,617,2018/2019
E38000191,05Y,NHS Walsall CCG,Maternities,3569,2018/2019
E38000191,05Y,NHS Walsall CCG,Non-smokers,2780,2018/2019
E38000191,05Y,NHS Walsall CCG,Not known,427,2018/2019
E38000191,05Y,NHS Walsall CCG,Smokers,362,2018/2019
E38000192,08W,NHS Waltham Forest CCG,Maternities,3837,2018/2019
E38000192,08W,NHS Waltham Forest CCG,Non-smokers,3522,2018/2019
E38000192,08W,NHS Waltham Forest CCG,Not known,96,2018/2019
E38000192,08W,NHS Waltham Forest CCG,Smokers,219,2018/2019
E38000193,08X,NHS Wandsworth CCG,Maternities,4438,2018/2019
E38000193,08X,NHS Wandsworth CCG,Non-smokers,4311,2018/2019
E38000193,08X,NHS Wandsworth CCG,Not known,15,2018/2019
E38000193,08X,NHS Wandsworth CCG,Smokers,112,2018/2019
E38000194,02E,NHS Warrington CCG,Maternities,1748,2018/2019
E38000194,02E,NHS Warrington CCG,Non-smokers,1575,2018/2019
E38000194,02E,NHS Warrington CCG,Not known,35,2018/2019
E38000194,02E,NHS Warrington CCG,Smokers,138,2018/2019
E38000195,05H,NHS Warwickshire North CCG,Maternities,1820,2018/2019
E38000195,05H,NHS Warwickshire North CCG,Non-smokers,1566,2018/2019
E38000195,05H,NHS Warwickshire North CCG,Not known,5,2018/2019
E38000195,05H,NHS Warwickshire North CCG,Smokers,249,2018/2019
E38000196,02F,NHS West Cheshire CCG,Maternities,2263,2018/2019
E38000196,02F,NHS West Cheshire CCG,Non-smokers,2041,2018/2019
E38000196,02F,NHS West Cheshire CCG,Not known,8,2018/2019
E38000196,02F,NHS West Cheshire CCG,Smokers,214,2018/2019
E38000197,07H,NHS West Essex CCG,Maternities,3282,2018/2019
E38000197,07H,NHS West Essex CCG,Non-smokers,2756,2018/2019
E38000197,07H,NHS West Essex CCG,Not known,211,2018/2019
E38000197,07H,NHS West Essex CCG,Smokers,315,2018/2019
E38000198,11A,NHS West Hampshire CCG,Maternities,4922,2018/2019
E38000198,11A,NHS West Hampshire CCG,Non-smokers,4558,2018/2019
E38000198,11A,NHS West Hampshire CCG,Not known,20,2018/2019
E38000198,11A,NHS West Hampshire CCG,Smokers,344,2018/2019
E38000199,99J,NHS West Kent CCG,Maternities,5072,2018/2019
E38000199,99J,NHS West Kent CCG,Non-smokers,4564,2018/2019
E38000199,99J,NHS West Kent CCG,Not known,1,2018/2019
E38000199,99J,NHS West Kent CCG,Smokers,507,2018/2019
E38000200,02G,NHS West Lancashire CCG,Maternities,644,2018/2019
E38000200,02G,NHS West Lancashire CCG,Non-smokers,562,2018/2019
E38000200,02G,NHS West Lancashire CCG,Not known,1,2018/2019
E38000200,02G,NHS West Lancashire CCG,Smokers,81,2018/2019
E38000201,04V,NHS West Leicestershire CCG,Maternities,2558,2018/2019
E38000201,04V,NHS West Leicestershire CCG,Non-smokers,2299,2018/2019
E38000201,04V,NHS West Leicestershire CCG,Not known,0,2018/2019
E38000201,04V,NHS West Leicestershire CCG,Smokers,259,2018/2019
E38000202,08Y,NHS West London CCG,Maternities,2056,2018/2019
E38000202,08Y,NHS West London CCG,Non-smokers,2003,2018/2019
E38000202,08Y,NHS West London CCG,Not known,21,2018/2019
E38000202,08Y,NHS West London CCG,Smokers,32,2018/2019
E38000203,07J,NHS West Norfolk CCG,Maternities,1412,2018/2019
E38000203,07J,NHS West Norfolk CCG,Non-smokers,1134,2018/2019
E38000203,07J,NHS West Norfolk CCG,Not known,4,2018/2019
E38000203,07J,NHS West Norfolk CCG,Smokers,274,2018/2019
E38000204,07K,NHS West Suffolk CCG,Maternities,2225,2018/2019
E38000204,07K,NHS West Suffolk CCG,Non-smokers,1812,2018/2019
E38000204,07K,NHS West Suffolk CCG,Not known,189,2018/2019
E38000204,07K,NHS West Suffolk CCG,Smokers,224,2018/2019
E38000205,02H,NHS Wigan Borough CCG,Maternities,3167,2018/2019
E38000205,02H,NHS Wigan Borough CCG,Non-smokers,2698,2018/2019
E38000205,02H,NHS Wigan Borough CCG,Not known,1,2018/2019
E38000205,02H,NHS Wigan Borough CCG,Smokers,468,2018/2019
E38000206,99N,NHS Wiltshire CCG,Maternities,4300,2018/2019
E38000206,99N,NHS Wiltshire CCG,Non-smokers,3862,2018/2019
E38000206,99N,NHS Wiltshire CCG,Not known,15,2018/2019
E38000206,99N,NHS Wiltshire CCG,Smokers,423,2018/2019
E38000208,12F,NHS Wirral CCG,Maternities,3109,2018/2019
E38000208,12F,NHS Wirral CCG,Non-smokers,2613,2018/2019
E38000208,12F,NHS Wirral CCG,Not known,74,2018/2019
E38000208,12F,NHS Wirral CCG,Smokers,422,2018/2019
E38000210,06A,NHS Wolverhampton CCG,Maternities,3259,2018/2019
E38000210,06A,NHS Wolverhampton CCG,Non-smokers,2711,2018/2019
E38000210,06A,NHS Wolverhampton CCG,Not known,6,2018/2019
E38000210,06A,NHS Wolverhampton CCG,Smokers,542,2018/2019
E38000211,06D,NHS Wyre Forest CCG,Maternities,1073,2018/2019
E38000211,06D,NHS Wyre Forest CCG,Non-smokers,886,2018/2019
E38000211,06D,NHS Wyre Forest CCG,Not known,28,2018/2019
E38000211,06D,NHS Wyre Forest CCG,Smokers,159,2018/2019
E38000212,13T,NHS Newcastle Gateshead CCG,Maternities,5095,2018/2019
E38000212,13T,NHS Newcastle Gateshead CCG,Non-smokers,4406,2018/2019
E38000212,13T,NHS Newcastle Gateshead CCG,Not known,5,2018/2019
E38000212,13T,NHS Newcastle Gateshead CCG,Smokers,684,2018/2019
E38000213,09G,NHS Coastal West Sussex CCG,Maternities,4411,2018/2019
E38000213,09G,NHS Coastal West Sussex CCG,Non-smokers,3790,2018/2019
E38000213,09G,NHS Coastal West Sussex CCG,Not known,85,2018/2019
E38000213,09G,NHS Coastal West Sussex CCG,Smokers,536,2018/2019
E38000214,09N,NHS Guildford And Waverley CCG,Maternities,1956,2018/2019
E38000214,09N,NHS Guildford And Waverley CCG,Non-smokers,1834,2018/2019
E38000214,09N,NHS Guildford And Waverley CCG,Not known,3,2018/2019
E38000214,09N,NHS Guildford And Waverley CCG,Smokers,119,2018/2019
E38000215,01H,NHS North Cumbria CCG,Maternities,2763,2018/2019
E38000215,01H,NHS North Cumbria CCG,Non-smokers,2382,2018/2019
E38000215,01H,NHS North Cumbria CCG,Not known,3,2018/2019
E38000215,01H,NHS North Cumbria CCG,Smokers,378,2018/2019
E38000217,14L,NHS Manchester CCG,Maternities,7632,2018/2019
E38000217,14L,NHS Manchester CCG,Non-smokers,6896,2018/2019
E38000217,14L,NHS Manchester CCG,Not known,0,2018/2019
E38000217,14L,NHS Manchester CCG,Smokers,736,2018/2019
E38000218,06W,NHS Norwich CCG,Maternities,2256,2018/2019
E38000218,06W,NHS Norwich CCG,Non-smokers,1993,2018/2019
E38000218,06W,NHS Norwich CCG,Not known,0,2018/2019
E38000218,06W,NHS Norwich CCG,Smokers,263,2018/2019
E38000219,06Y,NHS South Norfolk CCG,Maternities,2014,2018/2019
E38000219,06Y,NHS South Norfolk CCG,Non-smokers,1808,2018/2019
E38000219,06Y,NHS South Norfolk CCG,Not known,1,2018/2019
E38000219,06Y,NHS South Norfolk CCG,Smokers,205,2018/2019
E38000220,15E,NHS Birmingham And Solihull CCG,Maternities,15515,2018/2019
E38000220,15E,NHS Birmingham And Solihull CCG,Non-smokers,11740,2018/2019
E38000220,15E,NHS Birmingham And Solihull CCG,Not known,2715,2018/2019
E38000220,15E,NHS Birmingham And Solihull CCG,Smokers,1060,2018/2019
E38000221,15A,NHS Berkshire West CCG,Maternities,5421,2018/2019
E38000221,15A,NHS Berkshire West CCG,Non-smokers,5116,2018/2019
E38000221,15A,NHS Berkshire West CCG,Not known,4,2018/2019
E38000221,15A,NHS Berkshire West CCG,Smokers,301,2018/2019
E38000222,15C,"NHS Bristol, North Somerset And South Gloucestershire CCG",Maternities,10427,2018/2019
E38000222,15C,"NHS Bristol, North Somerset And South Gloucestershire CCG",Non-smokers,9374,2018/2019
E38000222,15C,"NHS Bristol, North Somerset And South Gloucestershire CCG",Not known,0,2018/2019
E38000222,15C,"NHS Bristol, North Somerset And South Gloucestershire CCG",Smokers,1053,2018/2019
E38000223,14Y,NHS Buckinghamshire CCG,Maternities,5240,2018/2019
E38000223,14Y,NHS Buckinghamshire CCG,Non-smokers,4835,2018/2019
E38000223,14Y,NHS Buckinghamshire CCG,Not known,16,2018/2019
E38000223,14Y,NHS Buckinghamshire CCG,Smokers,389,2018/2019
E38000224,15D,NHS East Berkshire CCG,Maternities,4968,2018/2019
E38000224,15D,NHS East Berkshire CCG,Non-smokers,4593,2018/2019
E38000224,15D,NHS East Berkshire CCG,Not known,8,2018/2019
E38000224,15D,NHS East Berkshire CCG,Smokers,367,2018/2019
E38000225,15F,NHS Leeds CCG,Maternities,9574,2018/2019
E38000225,15F,NHS Leeds CCG,Non-smokers,8056,2018/2019
E38000225,15F,NHS Leeds CCG,Not known,393,2018/2019
E38000225,15F,NHS Leeds CCG,Smokers,1125,2018/2019
E38000226,02M,NHS Fylde And Wyre CCG,Maternities,1242,2018/2019
E38000226,02M,NHS Fylde And Wyre CCG,Non-smokers,1074,2018/2019
E38000226,02M,NHS Fylde And Wyre CCG,Not known,1,2018/2019
E38000226,02M,NHS Fylde And Wyre CCG,Smokers,167,2018/2019
E38000227,01E,NHS Greater Preston CCG,Maternities,2267,2018/2019
E38000227,01E,NHS Greater Preston CCG,Non-smokers,1996,2018/2019
E38000227,01E,NHS Greater Preston CCG,Not known,0,2018/2019
E38000227,01E,NHS Greater Preston CCG,Smokers,271,2018/2019
E38000228,01K,NHS Morecambe Bay CCG,Maternities,3270,2018/2019
E38000228,01K,NHS Morecambe Bay CCG,Non-smokers,2758,2018/2019
E38000228,01K,NHS Morecambe Bay CCG,Not known,118,2018/2019
E38000228,01K,NHS Morecambe Bay CCG,Smokers,394,2018/2019
E92000001,,England,Maternities,591701,2018/2019
E92000001,,England,Non-smokers,518596,2018/2019
E92000001,,England,Not known,11706,2018/2019
E92000001,,England,Smokers,61399,2018/2019
