ONS_Code,Org_Code,Org_Name,Metric,Value,Year
E92000001,,ENGLAND,Maternities,566355,2003/2004
E92000001,,ENGLAND,Non-smokers,394962,2003/2004
E92000001,,ENGLAND,Not known,77904,2003/2004
E92000001,,ENGLAND,Smokers,93489,2003/2004
E92000001,,ENGLAND,Maternities,576935,2004/2005
E92000001,,ENGLAND,Non-smokers,440110,2004/2005
E92000001,,ENGLAND,Not known,39267,2004/2005
E92000001,,ENGLAND,Smokers,97558,2004/2005
E92000001,,ENGLAND,Maternities,583011,2005/2006
E92000001,,ENGLAND,Non-smokers,456508,2005/2006
E92000001,,ENGLAND,Not known,35842,2005/2006
E92000001,,ENGLAND,Smokers,90661,2005/2006
E92000001,,ENGLAND,Maternities,601262,2006/2007
E92000001,,ENGLAND,Non-smokers,485511,2006/2007
E92000001,,ENGLAND,Not known,24864,2006/2007
E92000001,,ENGLAND,Smokers,90887,2006/2007
E92000001,,ENGLAND,Maternities,634035,2007/2008
E92000001,,ENGLAND,Non-smokers,532503,2007/2008
E92000001,,ENGLAND,Not known,9959,2007/2008
E92000001,,ENGLAND,Smokers,91573,2007/2008
E92000001,,ENGLAND,Maternities,640681,2008/2009
E92000001,,ENGLAND,Non-smokers,538202,2008/2009
E92000001,,ENGLAND,Not known,10356,2008/2009
E92000001,,ENGLAND,Smokers,92123,2008/2009
E92000001,,ENGLAND,Maternities,652967,2009/2010
E92000001,,ENGLAND,Non-smokers,550242,2009/2010
E92000001,,ENGLAND,Not known,11397,2009/2010
E92000001,,ENGLAND,Smokers,91328,2009/2010
E92000001,,ENGLAND,Maternities,659543,2010/2011
E92000001,,ENGLAND,Non-smokers,563749,2010/2011
E92000001,,ENGLAND,Not known,6583,2010/2011
E92000001,,ENGLAND,Smokers,89211,2010/2011
E92000001,,ENGLAND,Maternities,664691,2011/2012
E92000001,,ENGLAND,Non-smokers,570786,2011/2012
E92000001,,ENGLAND,Not known,6265,2011/2012
E92000001,,ENGLAND,Smokers,87640,2011/2012
E92000001,,ENGLAND,Maternities,658112,2012/2013
E92000001,,ENGLAND,Non-smokers,566101,2012/2013
E92000001,,ENGLAND,Not known,8524,2012/2013
E92000001,,ENGLAND,Smokers,83487,2012/2013
E92000001,,ENGLAND,Maternities,632956,2013/2014
E92000001,,ENGLAND,Non-smokers,548203,2013/2014
E92000001,,ENGLAND,Not known,8840,2013/2014
E92000001,,ENGLAND,Smokers,75913,2013/2014
E92000001,,ENGLAND,Maternities,622643,2014/2015
E92000001,,ENGLAND,Non-smokers,533178,2014/2015
E92000001,,ENGLAND,Not known,18586,2014/2015
E92000001,,ENGLAND,Smokers,70879,2014/2015
E92000001,,ENGLAND,Maternities,631225,2015/2016
E92000001,,ENGLAND,Non-smokers,544282,2015/2016
E92000001,,ENGLAND,Not known,19748,2015/2016
E92000001,,ENGLAND,Smokers,67195,2015/2016
E92000001,,ENGLAND,Maternities,619234,2016/2017
E92000001,,ENGLAND,Non-smokers,542096,2016/2017
E92000001,,ENGLAND,Not known,12115,2016/2017
E92000001,,ENGLAND,Smokers,65023,2016/2017
E38000001,02N,"NHS AIREDALE, WHARFEDALE AND CRAVEN CCG",Maternities,1508,2016/2017
E38000001,02N,"NHS AIREDALE, WHARFEDALE AND CRAVEN CCG",Non-smokers,1330,2016/2017
E38000001,02N,"NHS AIREDALE, WHARFEDALE AND CRAVEN CCG",Not known,25,2016/2017
E38000001,02N,"NHS AIREDALE, WHARFEDALE AND CRAVEN CCG",Smokers,153,2016/2017
E38000002,09C,NHS ASHFORD CCG,Maternities,1470,2016/2017
E38000002,09C,NHS ASHFORD CCG,Non-smokers,1289,2016/2017
E38000002,09C,NHS ASHFORD CCG,Not known,1,2016/2017
E38000002,09C,NHS ASHFORD CCG,Smokers,180,2016/2017
E38000003,10Y,NHS AYLESBURY VALE CCG,Maternities,2292,2016/2017
E38000003,10Y,NHS AYLESBURY VALE CCG,Non-smokers,2102,2016/2017
E38000003,10Y,NHS AYLESBURY VALE CCG,Not known,6,2016/2017
E38000003,10Y,NHS AYLESBURY VALE CCG,Smokers,184,2016/2017
E38000004,07L,NHS BARKING AND DAGENHAM CCG,Maternities,3624,2016/2017
E38000004,07L,NHS BARKING AND DAGENHAM CCG,Non-smokers,3307,2016/2017
E38000004,07L,NHS BARKING AND DAGENHAM CCG,Not known,13,2016/2017
E38000004,07L,NHS BARKING AND DAGENHAM CCG,Smokers,304,2016/2017
E38000005,07M,NHS BARNET CCG,Maternities,5039,2016/2017
E38000005,07M,NHS BARNET CCG,Non-smokers,4792,2016/2017
E38000005,07M,NHS BARNET CCG,Not known,80,2016/2017
E38000005,07M,NHS BARNET CCG,Smokers,167,2016/2017
E38000006,02P,NHS BARNSLEY CCG,Maternities,3011,2016/2017
E38000006,02P,NHS BARNSLEY CCG,Non-smokers,2548,2016/2017
E38000006,02P,NHS BARNSLEY CCG,Not known,0,2016/2017
E38000006,02P,NHS BARNSLEY CCG,Smokers,463,2016/2017
E38000007,99E,NHS BASILDON AND BRENTWOOD CCG,Maternities,2515,2016/2017
E38000007,99E,NHS BASILDON AND BRENTWOOD CCG,Non-smokers,2242,2016/2017
E38000007,99E,NHS BASILDON AND BRENTWOOD CCG,Not known,7,2016/2017
E38000007,99E,NHS BASILDON AND BRENTWOOD CCG,Smokers,266,2016/2017
E38000008,02Q,NHS BASSETLAW CCG,Maternities,1148,2016/2017
E38000008,02Q,NHS BASSETLAW CCG,Non-smokers,944,2016/2017
E38000008,02Q,NHS BASSETLAW CCG,Not known,41,2016/2017
E38000008,02Q,NHS BASSETLAW CCG,Smokers,163,2016/2017
E38000009,11E,NHS BATH AND NORTH EAST SOMERSET CCG,Maternities,1605,2016/2017
E38000009,11E,NHS BATH AND NORTH EAST SOMERSET CCG,Non-smokers,1491,2016/2017
E38000009,11E,NHS BATH AND NORTH EAST SOMERSET CCG,Not known,0,2016/2017
E38000009,11E,NHS BATH AND NORTH EAST SOMERSET CCG,Smokers,114,2016/2017
E38000010,06F,NHS BEDFORDSHIRE CCG,Maternities,5566,2016/2017
E38000010,06F,NHS BEDFORDSHIRE CCG,Non-smokers,5026,2016/2017
E38000010,06F,NHS BEDFORDSHIRE CCG,Not known,58,2016/2017
E38000010,06F,NHS BEDFORDSHIRE CCG,Smokers,482,2016/2017
E38000011,07N,NHS BEXLEY CCG,Maternities,2796,2016/2017
E38000011,07N,NHS BEXLEY CCG,Non-smokers,2568,2016/2017
E38000011,07N,NHS BEXLEY CCG,Not known,21,2016/2017
E38000011,07N,NHS BEXLEY CCG,Smokers,207,2016/2017
E38000012,13P,NHS BIRMINGHAM CROSSCITY CCG,Maternities,9629,2016/2017
E38000012,13P,NHS BIRMINGHAM CROSSCITY CCG,Non-smokers,8447,2016/2017
E38000012,13P,NHS BIRMINGHAM CROSSCITY CCG,Not known,346,2016/2017
E38000012,13P,NHS BIRMINGHAM CROSSCITY CCG,Smokers,836,2016/2017
E38000013,04X,NHS BIRMINGHAM SOUTH AND CENTRAL CCG,Maternities,4117,2016/2017
E38000013,04X,NHS BIRMINGHAM SOUTH AND CENTRAL CCG,Non-smokers,3832,2016/2017
E38000013,04X,NHS BIRMINGHAM SOUTH AND CENTRAL CCG,Not known,98,2016/2017
E38000013,04X,NHS BIRMINGHAM SOUTH AND CENTRAL CCG,Smokers,187,2016/2017
E38000014,00Q,NHS BLACKBURN WITH DARWEN CCG,Maternities,2147,2016/2017
E38000014,00Q,NHS BLACKBURN WITH DARWEN CCG,Non-smokers,1821,2016/2017
E38000014,00Q,NHS BLACKBURN WITH DARWEN CCG,Not known,17,2016/2017
E38000014,00Q,NHS BLACKBURN WITH DARWEN CCG,Smokers,309,2016/2017
E38000015,00R,NHS BLACKPOOL CCG,Maternities,1804,2016/2017
E38000015,00R,NHS BLACKPOOL CCG,Non-smokers,1297,2016/2017
E38000015,00R,NHS BLACKPOOL CCG,Not known,0,2016/2017
E38000015,00R,NHS BLACKPOOL CCG,Smokers,507,2016/2017
E38000016,00T,NHS BOLTON CCG,Maternities,3792,2016/2017
E38000016,00T,NHS BOLTON CCG,Non-smokers,3292,2016/2017
E38000016,00T,NHS BOLTON CCG,Not known,0,2016/2017
E38000016,00T,NHS BOLTON CCG,Smokers,500,2016/2017
E38000017,10G,NHS BRACKNELL AND ASCOT CCG,Maternities,1425,2016/2017
E38000017,10G,NHS BRACKNELL AND ASCOT CCG,Non-smokers,1319,2016/2017
E38000017,10G,NHS BRACKNELL AND ASCOT CCG,Not known,3,2016/2017
E38000017,10G,NHS BRACKNELL AND ASCOT CCG,Smokers,103,2016/2017
E38000018,02W,NHS BRADFORD CITY CCG,Maternities,2099,2016/2017
E38000018,02W,NHS BRADFORD CITY CCG,Non-smokers,1900,2016/2017
E38000018,02W,NHS BRADFORD CITY CCG,Not known,2,2016/2017
E38000018,02W,NHS BRADFORD CITY CCG,Smokers,197,2016/2017
E38000019,02R,NHS BRADFORD DISTRICTS CCG,Maternities,4433,2016/2017
E38000019,02R,NHS BRADFORD DISTRICTS CCG,Non-smokers,3670,2016/2017
E38000019,02R,NHS BRADFORD DISTRICTS CCG,Not known,21,2016/2017
E38000019,02R,NHS BRADFORD DISTRICTS CCG,Smokers,742,2016/2017
E38000020,07P,NHS BRENT CCG,Maternities,4709,2016/2017
E38000020,07P,NHS BRENT CCG,Non-smokers,4419,2016/2017
E38000020,07P,NHS BRENT CCG,Not known,114,2016/2017
E38000020,07P,NHS BRENT CCG,Smokers,176,2016/2017
E38000021,09D,NHS BRIGHTON AND HOVE CCG,Maternities,2795,2016/2017
E38000021,09D,NHS BRIGHTON AND HOVE CCG,Non-smokers,2613,2016/2017
E38000021,09D,NHS BRIGHTON AND HOVE CCG,Not known,41,2016/2017
E38000021,09D,NHS BRIGHTON AND HOVE CCG,Smokers,141,2016/2017
E38000022,11H,NHS BRISTOL CCG,Maternities,6370,2016/2017
E38000022,11H,NHS BRISTOL CCG,Non-smokers,5482,2016/2017
E38000022,11H,NHS BRISTOL CCG,Not known,197,2016/2017
E38000022,11H,NHS BRISTOL CCG,Smokers,691,2016/2017
E38000023,07Q,NHS BROMLEY CCG,Maternities,4021,2016/2017
E38000023,07Q,NHS BROMLEY CCG,Non-smokers,3741,2016/2017
E38000023,07Q,NHS BROMLEY CCG,Not known,68,2016/2017
E38000023,07Q,NHS BROMLEY CCG,Smokers,212,2016/2017
E38000024,00V,NHS BURY CCG,Maternities,2267,2016/2017
E38000024,00V,NHS BURY CCG,Non-smokers,2003,2016/2017
E38000024,00V,NHS BURY CCG,Not known,0,2016/2017
E38000024,00V,NHS BURY CCG,Smokers,264,2016/2017
E38000025,02T,NHS CALDERDALE CCG,Maternities,2372,2016/2017
E38000025,02T,NHS CALDERDALE CCG,Non-smokers,2000,2016/2017
E38000025,02T,NHS CALDERDALE CCG,Not known,95,2016/2017
E38000025,02T,NHS CALDERDALE CCG,Smokers,277,2016/2017
E38000026,06H,NHS CAMBRIDGESHIRE AND PETERBOROUGH CCG,Maternities,9983,2016/2017
E38000026,06H,NHS CAMBRIDGESHIRE AND PETERBOROUGH CCG,Non-smokers,8095,2016/2017
E38000026,06H,NHS CAMBRIDGESHIRE AND PETERBOROUGH CCG,Not known,822,2016/2017
E38000026,06H,NHS CAMBRIDGESHIRE AND PETERBOROUGH CCG,Smokers,1066,2016/2017
E38000027,07R,NHS CAMDEN CCG,Maternities,2475,2016/2017
E38000027,07R,NHS CAMDEN CCG,Non-smokers,2300,2016/2017
E38000027,07R,NHS CAMDEN CCG,Not known,93,2016/2017
E38000027,07R,NHS CAMDEN CCG,Smokers,82,2016/2017
E38000028,04Y,NHS CANNOCK CHASE CCG,Maternities,1215,2016/2017
E38000028,04Y,NHS CANNOCK CHASE CCG,Non-smokers,1010,2016/2017
E38000028,04Y,NHS CANNOCK CHASE CCG,Not known,27,2016/2017
E38000028,04Y,NHS CANNOCK CHASE CCG,Smokers,178,2016/2017
E38000029,09E,NHS CANTERBURY AND COASTAL CCG,Maternities,1793,2016/2017
E38000029,09E,NHS CANTERBURY AND COASTAL CCG,Non-smokers,1515,2016/2017
E38000029,09E,NHS CANTERBURY AND COASTAL CCG,Not known,7,2016/2017
E38000029,09E,NHS CANTERBURY AND COASTAL CCG,Smokers,271,2016/2017
E38000030,99F,NHS CASTLE POINT AND ROCHFORD CCG,Maternities,1627,2016/2017
E38000030,99F,NHS CASTLE POINT AND ROCHFORD CCG,Non-smokers,1435,2016/2017
E38000030,99F,NHS CASTLE POINT AND ROCHFORD CCG,Not known,89,2016/2017
E38000030,99F,NHS CASTLE POINT AND ROCHFORD CCG,Smokers,103,2016/2017
E38000031,09A,NHS CENTRAL LONDON (WESTMINSTER) CCG,Maternities,1582,2016/2017
E38000031,09A,NHS CENTRAL LONDON (WESTMINSTER) CCG,Non-smokers,1397,2016/2017
E38000031,09A,NHS CENTRAL LONDON (WESTMINSTER) CCG,Not known,70,2016/2017
E38000031,09A,NHS CENTRAL LONDON (WESTMINSTER) CCG,Smokers,115,2016/2017
E38000032,00W,NHS CENTRAL MANCHESTER CCG,Maternities,3057,2016/2017
E38000032,00W,NHS CENTRAL MANCHESTER CCG,Non-smokers,2838,2016/2017
E38000032,00W,NHS CENTRAL MANCHESTER CCG,Not known,0,2016/2017
E38000032,00W,NHS CENTRAL MANCHESTER CCG,Smokers,219,2016/2017
E38000033,10H,NHS CHILTERN CCG,Maternities,3269,2016/2017
E38000033,10H,NHS CHILTERN CCG,Non-smokers,3049,2016/2017
E38000033,10H,NHS CHILTERN CCG,Not known,2,2016/2017
E38000033,10H,NHS CHILTERN CCG,Smokers,218,2016/2017
E38000034,00X,NHS CHORLEY AND SOUTH RIBBLE CCG,Maternities,1861,2016/2017
E38000034,00X,NHS CHORLEY AND SOUTH RIBBLE CCG,Non-smokers,1678,2016/2017
E38000034,00X,NHS CHORLEY AND SOUTH RIBBLE CCG,Not known,0,2016/2017
E38000034,00X,NHS CHORLEY AND SOUTH RIBBLE CCG,Smokers,183,2016/2017
E38000035,07T,NHS CITY AND HACKNEY CCG,Maternities,4658,2016/2017
E38000035,07T,NHS CITY AND HACKNEY CCG,Non-smokers,4434,2016/2017
E38000035,07T,NHS CITY AND HACKNEY CCG,Not known,60,2016/2017
E38000035,07T,NHS CITY AND HACKNEY CCG,Smokers,164,2016/2017
E38000037,03V,NHS CORBY CCG,Maternities,971,2016/2017
E38000037,03V,NHS CORBY CCG,Non-smokers,780,2016/2017
E38000037,03V,NHS CORBY CCG,Not known,0,2016/2017
E38000037,03V,NHS CORBY CCG,Smokers,191,2016/2017
E38000038,05A,NHS COVENTRY AND RUGBY CCG,Maternities,5611,2016/2017
E38000038,05A,NHS COVENTRY AND RUGBY CCG,Non-smokers,4984,2016/2017
E38000038,05A,NHS COVENTRY AND RUGBY CCG,Not known,17,2016/2017
E38000038,05A,NHS COVENTRY AND RUGBY CCG,Smokers,610,2016/2017
E38000039,09H,NHS CRAWLEY CCG,Maternities,1644,2016/2017
E38000039,09H,NHS CRAWLEY CCG,Non-smokers,1539,2016/2017
E38000039,09H,NHS CRAWLEY CCG,Not known,4,2016/2017
E38000039,09H,NHS CRAWLEY CCG,Smokers,101,2016/2017
E38000040,07V,NHS CROYDON CCG,Maternities,5382,2016/2017
E38000040,07V,NHS CROYDON CCG,Non-smokers,4985,2016/2017
E38000040,07V,NHS CROYDON CCG,Not known,44,2016/2017
E38000040,07V,NHS CROYDON CCG,Smokers,353,2016/2017
E38000041,01H,NHS CUMBRIA CCG,Maternities,4686,2016/2017
E38000041,01H,NHS CUMBRIA CCG,Non-smokers,4020,2016/2017
E38000041,01H,NHS CUMBRIA CCG,Not known,97,2016/2017
E38000041,01H,NHS CUMBRIA CCG,Smokers,569,2016/2017
E38000042,00C,NHS DARLINGTON CCG,Maternities,1085,2016/2017
E38000042,00C,NHS DARLINGTON CCG,Non-smokers,891,2016/2017
E38000042,00C,NHS DARLINGTON CCG,Not known,22,2016/2017
E38000042,00C,NHS DARLINGTON CCG,Smokers,172,2016/2017
E38000043,09J,"NHS DARTFORD, GRAVESHAM AND SWANLEY CCG",Maternities,2926,2016/2017
E38000043,09J,"NHS DARTFORD, GRAVESHAM AND SWANLEY CCG",Non-smokers,2640,2016/2017
E38000043,09J,"NHS DARTFORD, GRAVESHAM AND SWANLEY CCG",Not known,1,2016/2017
E38000043,09J,"NHS DARTFORD, GRAVESHAM AND SWANLEY CCG",Smokers,285,2016/2017
E38000044,02X,NHS DONCASTER CCG,Maternities,3291,2016/2017
E38000044,02X,NHS DONCASTER CCG,Non-smokers,2774,2016/2017
E38000044,02X,NHS DONCASTER CCG,Not known,104,2016/2017
E38000044,02X,NHS DONCASTER CCG,Smokers,413,2016/2017
E38000045,11J,NHS DORSET CCG,Maternities,7080,2016/2017
E38000045,11J,NHS DORSET CCG,Non-smokers,6103,2016/2017
E38000045,11J,NHS DORSET CCG,Not known,184,2016/2017
E38000045,11J,NHS DORSET CCG,Smokers,793,2016/2017
E38000046,05C,NHS DUDLEY CCG,Maternities,3567,2016/2017
E38000046,05C,NHS DUDLEY CCG,Non-smokers,3076,2016/2017
E38000046,05C,NHS DUDLEY CCG,Not known,7,2016/2017
E38000046,05C,NHS DUDLEY CCG,Smokers,484,2016/2017
E38000047,00D,"NHS DURHAM DALES, EASINGTON AND SEDGEFIELD CCG",Maternities,2864,2016/2017
E38000047,00D,"NHS DURHAM DALES, EASINGTON AND SEDGEFIELD CCG",Non-smokers,2283,2016/2017
E38000047,00D,"NHS DURHAM DALES, EASINGTON AND SEDGEFIELD CCG",Not known,33,2016/2017
E38000047,00D,"NHS DURHAM DALES, EASINGTON AND SEDGEFIELD CCG",Smokers,548,2016/2017
E38000048,07W,NHS EALING CCG,Maternities,4910,2016/2017
E38000048,07W,NHS EALING CCG,Non-smokers,4609,2016/2017
E38000048,07W,NHS EALING CCG,Not known,133,2016/2017
E38000048,07W,NHS EALING CCG,Smokers,168,2016/2017
E38000049,06K,NHS EAST AND NORTH HERTFORDSHIRE CCG,Maternities,4657,2016/2017
E38000049,06K,NHS EAST AND NORTH HERTFORDSHIRE CCG,Non-smokers,4264,2016/2017
E38000049,06K,NHS EAST AND NORTH HERTFORDSHIRE CCG,Not known,15,2016/2017
E38000049,06K,NHS EAST AND NORTH HERTFORDSHIRE CCG,Smokers,378,2016/2017
E38000050,01A,NHS EAST LANCASHIRE CCG,Maternities,4354,2016/2017
E38000050,01A,NHS EAST LANCASHIRE CCG,Non-smokers,3595,2016/2017
E38000050,01A,NHS EAST LANCASHIRE CCG,Not known,43,2016/2017
E38000050,01A,NHS EAST LANCASHIRE CCG,Smokers,716,2016/2017
E38000051,03W,NHS EAST LEICESTERSHIRE AND RUTLAND CCG,Maternities,2918,2016/2017
E38000051,03W,NHS EAST LEICESTERSHIRE AND RUTLAND CCG,Non-smokers,2713,2016/2017
E38000051,03W,NHS EAST LEICESTERSHIRE AND RUTLAND CCG,Not known,0,2016/2017
E38000051,03W,NHS EAST LEICESTERSHIRE AND RUTLAND CCG,Smokers,205,2016/2017
E38000052,02Y,NHS EAST RIDING OF YORKSHIRE CCG,Maternities,2560,2016/2017
E38000052,02Y,NHS EAST RIDING OF YORKSHIRE CCG,Non-smokers,2167,2016/2017
E38000052,02Y,NHS EAST RIDING OF YORKSHIRE CCG,Not known,19,2016/2017
E38000052,02Y,NHS EAST RIDING OF YORKSHIRE CCG,Smokers,374,2016/2017
E38000053,05D,NHS EAST STAFFORDSHIRE CCG,Maternities,1505,2016/2017
E38000053,05D,NHS EAST STAFFORDSHIRE CCG,Non-smokers,1342,2016/2017
E38000053,05D,NHS EAST STAFFORDSHIRE CCG,Not known,13,2016/2017
E38000053,05D,NHS EAST STAFFORDSHIRE CCG,Smokers,150,2016/2017
E38000054,09L,NHS EAST SURREY CCG,Maternities,1927,2016/2017
E38000054,09L,NHS EAST SURREY CCG,Non-smokers,1797,2016/2017
E38000054,09L,NHS EAST SURREY CCG,Not known,1,2016/2017
E38000054,09L,NHS EAST SURREY CCG,Smokers,129,2016/2017
E38000055,09F,"NHS EASTBOURNE, HAILSHAM AND SEAFORD CCG",Maternities,1819,2016/2017
E38000055,09F,"NHS EASTBOURNE, HAILSHAM AND SEAFORD CCG",Non-smokers,1567,2016/2017
E38000055,09F,"NHS EASTBOURNE, HAILSHAM AND SEAFORD CCG",Not known,8,2016/2017
E38000055,09F,"NHS EASTBOURNE, HAILSHAM AND SEAFORD CCG",Smokers,244,2016/2017
E38000056,01C,NHS EASTERN CHESHIRE CCG,Maternities,1873,2016/2017
E38000056,01C,NHS EASTERN CHESHIRE CCG,Non-smokers,1750,2016/2017
E38000056,01C,NHS EASTERN CHESHIRE CCG,Not known,2,2016/2017
E38000056,01C,NHS EASTERN CHESHIRE CCG,Smokers,121,2016/2017
E38000057,07X,NHS ENFIELD CCG,Maternities,4417,2016/2017
E38000057,07X,NHS ENFIELD CCG,Non-smokers,3859,2016/2017
E38000057,07X,NHS ENFIELD CCG,Not known,267,2016/2017
E38000057,07X,NHS ENFIELD CCG,Smokers,291,2016/2017
E38000058,03X,NHS EREWASH CCG,Maternities,1053,2016/2017
E38000058,03X,NHS EREWASH CCG,Non-smokers,845,2016/2017
E38000058,03X,NHS EREWASH CCG,Not known,40,2016/2017
E38000058,03X,NHS EREWASH CCG,Smokers,168,2016/2017
E38000059,10K,NHS FAREHAM AND GOSPORT CCG,Maternities,1978,2016/2017
E38000059,10K,NHS FAREHAM AND GOSPORT CCG,Non-smokers,1722,2016/2017
E38000059,10K,NHS FAREHAM AND GOSPORT CCG,Not known,46,2016/2017
E38000059,10K,NHS FAREHAM AND GOSPORT CCG,Smokers,210,2016/2017
E38000060,02M,NHS FYLDE & WYRE CCG,Maternities,1266,2016/2017
E38000060,02M,NHS FYLDE & WYRE CCG,Non-smokers,1058,2016/2017
E38000060,02M,NHS FYLDE & WYRE CCG,Not known,0,2016/2017
E38000060,02M,NHS FYLDE & WYRE CCG,Smokers,208,2016/2017
E38000062,11M,NHS GLOUCESTERSHIRE CCG,Maternities,3529,2016/2017
E38000062,11M,NHS GLOUCESTERSHIRE CCG,Non-smokers,3191,2016/2017
E38000062,11M,NHS GLOUCESTERSHIRE CCG,Not known,36,2016/2017
E38000062,11M,NHS GLOUCESTERSHIRE CCG,Smokers,302,2016/2017
E38000063,06M,NHS GREAT YARMOUTH AND WAVENEY CCG,Maternities,2234,2016/2017
E38000063,06M,NHS GREAT YARMOUTH AND WAVENEY CCG,Non-smokers,1840,2016/2017
E38000063,06M,NHS GREAT YARMOUTH AND WAVENEY CCG,Not known,46,2016/2017
E38000063,06M,NHS GREAT YARMOUTH AND WAVENEY CCG,Smokers,348,2016/2017
E38000064,03A,NHS GREATER HUDDERSFIELD CCG,Maternities,2465,2016/2017
E38000064,03A,NHS GREATER HUDDERSFIELD CCG,Non-smokers,2151,2016/2017
E38000064,03A,NHS GREATER HUDDERSFIELD CCG,Not known,69,2016/2017
E38000064,03A,NHS GREATER HUDDERSFIELD CCG,Smokers,245,2016/2017
E38000065,01E,NHS GREATER PRESTON CCG,Maternities,2413,2016/2017
E38000065,01E,NHS GREATER PRESTON CCG,Non-smokers,2125,2016/2017
E38000065,01E,NHS GREATER PRESTON CCG,Not known,0,2016/2017
E38000065,01E,NHS GREATER PRESTON CCG,Smokers,288,2016/2017
E38000066,08A,NHS GREENWICH CCG,Maternities,4260,2016/2017
E38000066,08A,NHS GREENWICH CCG,Non-smokers,3746,2016/2017
E38000066,08A,NHS GREENWICH CCG,Not known,147,2016/2017
E38000066,08A,NHS GREENWICH CCG,Smokers,367,2016/2017
E38000068,01F,NHS HALTON CCG,Maternities,1339,2016/2017
E38000068,01F,NHS HALTON CCG,Non-smokers,1094,2016/2017
E38000068,01F,NHS HALTON CCG,Not known,31,2016/2017
E38000068,01F,NHS HALTON CCG,Smokers,214,2016/2017
E38000069,03D,"NHS HAMBLETON, RICHMONDSHIRE AND WHITBY CCG",Maternities,1222,2016/2017
E38000069,03D,"NHS HAMBLETON, RICHMONDSHIRE AND WHITBY CCG",Non-smokers,1096,2016/2017
E38000069,03D,"NHS HAMBLETON, RICHMONDSHIRE AND WHITBY CCG",Not known,14,2016/2017
E38000069,03D,"NHS HAMBLETON, RICHMONDSHIRE AND WHITBY CCG",Smokers,112,2016/2017
E38000070,08C,NHS HAMMERSMITH AND FULHAM CCG,Maternities,2230,2016/2017
E38000070,08C,NHS HAMMERSMITH AND FULHAM CCG,Non-smokers,2127,2016/2017
E38000070,08C,NHS HAMMERSMITH AND FULHAM CCG,Not known,42,2016/2017
E38000070,08C,NHS HAMMERSMITH AND FULHAM CCG,Smokers,61,2016/2017
E38000071,03Y,NHS HARDWICK CCG,Maternities,998,2016/2017
E38000071,03Y,NHS HARDWICK CCG,Non-smokers,818,2016/2017
E38000071,03Y,NHS HARDWICK CCG,Not known,1,2016/2017
E38000071,03Y,NHS HARDWICK CCG,Smokers,179,2016/2017
E38000072,08D,NHS HARINGEY CCG,Maternities,3973,2016/2017
E38000072,08D,NHS HARINGEY CCG,Non-smokers,3544,2016/2017
E38000072,08D,NHS HARINGEY CCG,Not known,217,2016/2017
E38000072,08D,NHS HARINGEY CCG,Smokers,212,2016/2017
E38000073,03E,NHS HARROGATE AND RURAL DISTRICT CCG,Maternities,1405,2016/2017
E38000073,03E,NHS HARROGATE AND RURAL DISTRICT CCG,Non-smokers,1197,2016/2017
E38000073,03E,NHS HARROGATE AND RURAL DISTRICT CCG,Not known,21,2016/2017
E38000073,03E,NHS HARROGATE AND RURAL DISTRICT CCG,Smokers,187,2016/2017
E38000074,08E,NHS HARROW CCG,Maternities,3069,2016/2017
E38000074,08E,NHS HARROW CCG,Non-smokers,2933,2016/2017
E38000074,08E,NHS HARROW CCG,Not known,18,2016/2017
E38000074,08E,NHS HARROW CCG,Smokers,118,2016/2017
E38000075,00K,NHS HARTLEPOOL AND STOCKTON-ON-TEES CCG,Maternities,3187,2016/2017
E38000075,00K,NHS HARTLEPOOL AND STOCKTON-ON-TEES CCG,Non-smokers,2654,2016/2017
E38000075,00K,NHS HARTLEPOOL AND STOCKTON-ON-TEES CCG,Not known,55,2016/2017
E38000075,00K,NHS HARTLEPOOL AND STOCKTON-ON-TEES CCG,Smokers,478,2016/2017
E38000076,09P,NHS HASTINGS AND ROTHER CCG,Maternities,1665,2016/2017
E38000076,09P,NHS HASTINGS AND ROTHER CCG,Non-smokers,1396,2016/2017
E38000076,09P,NHS HASTINGS AND ROTHER CCG,Not known,0,2016/2017
E38000076,09P,NHS HASTINGS AND ROTHER CCG,Smokers,269,2016/2017
E38000077,08F,NHS HAVERING CCG,Maternities,3299,2016/2017
E38000077,08F,NHS HAVERING CCG,Non-smokers,3047,2016/2017
E38000077,08F,NHS HAVERING CCG,Not known,3,2016/2017
E38000077,08F,NHS HAVERING CCG,Smokers,249,2016/2017
E38000078,05F,NHS HEREFORDSHIRE CCG,Maternities,1706,2016/2017
E38000078,05F,NHS HEREFORDSHIRE CCG,Non-smokers,1251,2016/2017
E38000078,05F,NHS HEREFORDSHIRE CCG,Not known,255,2016/2017
E38000078,05F,NHS HEREFORDSHIRE CCG,Smokers,200,2016/2017
E38000079,06N,NHS HERTS VALLEYS CCG,Maternities,6930,2016/2017
E38000079,06N,NHS HERTS VALLEYS CCG,Non-smokers,6504,2016/2017
E38000079,06N,NHS HERTS VALLEYS CCG,Not known,24,2016/2017
E38000079,06N,NHS HERTS VALLEYS CCG,Smokers,402,2016/2017
E38000080,01D,"NHS HEYWOOD, MIDDLETON AND ROCHDALE CCG",Maternities,2859,2016/2017
E38000080,01D,"NHS HEYWOOD, MIDDLETON AND ROCHDALE CCG",Non-smokers,2392,2016/2017
E38000080,01D,"NHS HEYWOOD, MIDDLETON AND ROCHDALE CCG",Not known,2,2016/2017
E38000080,01D,"NHS HEYWOOD, MIDDLETON AND ROCHDALE CCG",Smokers,465,2016/2017
E38000081,99K,NHS HIGH WEALD LEWES HAVENS CCG,Maternities,1414,2016/2017
E38000081,99K,NHS HIGH WEALD LEWES HAVENS CCG,Non-smokers,1287,2016/2017
E38000081,99K,NHS HIGH WEALD LEWES HAVENS CCG,Not known,23,2016/2017
E38000081,99K,NHS HIGH WEALD LEWES HAVENS CCG,Smokers,104,2016/2017
E38000082,08G,NHS HILLINGDON CCG,Maternities,3869,2016/2017
E38000082,08G,NHS HILLINGDON CCG,Non-smokers,3603,2016/2017
E38000082,08G,NHS HILLINGDON CCG,Not known,25,2016/2017
E38000082,08G,NHS HILLINGDON CCG,Smokers,241,2016/2017
E38000083,09X,NHS HORSHAM AND MID SUSSEX CCG,Maternities,2256,2016/2017
E38000083,09X,NHS HORSHAM AND MID SUSSEX CCG,Non-smokers,2130,2016/2017
E38000083,09X,NHS HORSHAM AND MID SUSSEX CCG,Not known,36,2016/2017
E38000083,09X,NHS HORSHAM AND MID SUSSEX CCG,Smokers,90,2016/2017
E38000084,07Y,NHS HOUNSLOW CCG,Maternities,3014,2016/2017
E38000084,07Y,NHS HOUNSLOW CCG,Non-smokers,2822,2016/2017
E38000084,07Y,NHS HOUNSLOW CCG,Not known,101,2016/2017
E38000084,07Y,NHS HOUNSLOW CCG,Smokers,91,2016/2017
E38000085,03F,NHS HULL CCG,Maternities,3834,2016/2017
E38000085,03F,NHS HULL CCG,Non-smokers,2924,2016/2017
E38000085,03F,NHS HULL CCG,Not known,32,2016/2017
E38000085,03F,NHS HULL CCG,Smokers,878,2016/2017
E38000086,06L,NHS IPSWICH AND EAST SUFFOLK CCG,Maternities,3902,2016/2017
E38000086,06L,NHS IPSWICH AND EAST SUFFOLK CCG,Non-smokers,3457,2016/2017
E38000086,06L,NHS IPSWICH AND EAST SUFFOLK CCG,Not known,175,2016/2017
E38000086,06L,NHS IPSWICH AND EAST SUFFOLK CCG,Smokers,270,2016/2017
E38000087,10L,NHS ISLE OF WIGHT CCG,Maternities,1170,2016/2017
E38000087,10L,NHS ISLE OF WIGHT CCG,Non-smokers,997,2016/2017
E38000087,10L,NHS ISLE OF WIGHT CCG,Not known,2,2016/2017
E38000087,10L,NHS ISLE OF WIGHT CCG,Smokers,171,2016/2017
E38000088,08H,NHS ISLINGTON CCG,Maternities,2965,2016/2017
E38000088,08H,NHS ISLINGTON CCG,Non-smokers,2677,2016/2017
E38000088,08H,NHS ISLINGTON CCG,Not known,133,2016/2017
E38000088,08H,NHS ISLINGTON CCG,Smokers,155,2016/2017
E38000089,11N,NHS KERNOW CCG,Maternities,5017,2016/2017
E38000089,11N,NHS KERNOW CCG,Non-smokers,4221,2016/2017
E38000089,11N,NHS KERNOW CCG,Not known,152,2016/2017
E38000089,11N,NHS KERNOW CCG,Smokers,644,2016/2017
E38000090,08J,NHS KINGSTON CCG,Maternities,2376,2016/2017
E38000090,08J,NHS KINGSTON CCG,Non-smokers,2285,2016/2017
E38000090,08J,NHS KINGSTON CCG,Not known,2,2016/2017
E38000090,08J,NHS KINGSTON CCG,Smokers,89,2016/2017
E38000091,01J,NHS KNOWSLEY CCG,Maternities,1985,2016/2017
E38000091,01J,NHS KNOWSLEY CCG,Non-smokers,1606,2016/2017
E38000091,01J,NHS KNOWSLEY CCG,Not known,12,2016/2017
E38000091,01J,NHS KNOWSLEY CCG,Smokers,367,2016/2017
E38000092,08K,NHS LAMBETH CCG,Maternities,4557,2016/2017
E38000092,08K,NHS LAMBETH CCG,Non-smokers,4046,2016/2017
E38000092,08K,NHS LAMBETH CCG,Not known,346,2016/2017
E38000092,08K,NHS LAMBETH CCG,Smokers,165,2016/2017
E38000093,01K,NHS LANCASHIRE NORTH CCG,Maternities,1462,2016/2017
E38000093,01K,NHS LANCASHIRE NORTH CCG,Non-smokers,1150,2016/2017
E38000093,01K,NHS LANCASHIRE NORTH CCG,Not known,50,2016/2017
E38000093,01K,NHS LANCASHIRE NORTH CCG,Smokers,262,2016/2017
E38000094,02V,NHS LEEDS NORTH CCG,Maternities,2511,2016/2017
E38000094,02V,NHS LEEDS NORTH CCG,Non-smokers,2318,2016/2017
E38000094,02V,NHS LEEDS NORTH CCG,Not known,55,2016/2017
E38000094,02V,NHS LEEDS NORTH CCG,Smokers,138,2016/2017
E38000095,03G,NHS LEEDS SOUTH AND EAST CCG,Maternities,3644,2016/2017
E38000095,03G,NHS LEEDS SOUTH AND EAST CCG,Non-smokers,3029,2016/2017
E38000095,03G,NHS LEEDS SOUTH AND EAST CCG,Not known,88,2016/2017
E38000095,03G,NHS LEEDS SOUTH AND EAST CCG,Smokers,527,2016/2017
E38000096,03C,NHS LEEDS WEST CCG,Maternities,3827,2016/2017
E38000096,03C,NHS LEEDS WEST CCG,Non-smokers,3399,2016/2017
E38000096,03C,NHS LEEDS WEST CCG,Not known,102,2016/2017
E38000096,03C,NHS LEEDS WEST CCG,Smokers,326,2016/2017
E38000097,04C,NHS LEICESTER CITY CCG,Maternities,5160,2016/2017
E38000097,04C,NHS LEICESTER CITY CCG,Non-smokers,4635,2016/2017
E38000097,04C,NHS LEICESTER CITY CCG,Not known,0,2016/2017
E38000097,04C,NHS LEICESTER CITY CCG,Smokers,525,2016/2017
E38000098,08L,NHS LEWISHAM CCG,Maternities,4447,2016/2017
E38000098,08L,NHS LEWISHAM CCG,Non-smokers,3968,2016/2017
E38000098,08L,NHS LEWISHAM CCG,Not known,279,2016/2017
E38000098,08L,NHS LEWISHAM CCG,Smokers,200,2016/2017
E38000099,03T,NHS LINCOLNSHIRE EAST CCG,Maternities,2105,2016/2017
E38000099,03T,NHS LINCOLNSHIRE EAST CCG,Non-smokers,1295,2016/2017
E38000099,03T,NHS LINCOLNSHIRE EAST CCG,Not known,551,2016/2017
E38000099,03T,NHS LINCOLNSHIRE EAST CCG,Smokers,259,2016/2017
E38000100,04D,NHS LINCOLNSHIRE WEST CCG,Maternities,2232,2016/2017
E38000100,04D,NHS LINCOLNSHIRE WEST CCG,Non-smokers,1687,2016/2017
E38000100,04D,NHS LINCOLNSHIRE WEST CCG,Not known,256,2016/2017
E38000100,04D,NHS LINCOLNSHIRE WEST CCG,Smokers,289,2016/2017
E38000101,99A,NHS LIVERPOOL CCG,Maternities,5934,2016/2017
E38000101,99A,NHS LIVERPOOL CCG,Non-smokers,5073,2016/2017
E38000101,99A,NHS LIVERPOOL CCG,Not known,15,2016/2017
E38000101,99A,NHS LIVERPOOL CCG,Smokers,846,2016/2017
E38000102,06P,NHS LUTON CCG,Maternities,3442,2016/2017
E38000102,06P,NHS LUTON CCG,Non-smokers,3030,2016/2017
E38000102,06P,NHS LUTON CCG,Not known,9,2016/2017
E38000102,06P,NHS LUTON CCG,Smokers,403,2016/2017
E38000103,04E,NHS MANSFIELD AND ASHFIELD CCG,Maternities,2160,2016/2017
E38000103,04E,NHS MANSFIELD AND ASHFIELD CCG,Non-smokers,1704,2016/2017
E38000103,04E,NHS MANSFIELD AND ASHFIELD CCG,Not known,4,2016/2017
E38000103,04E,NHS MANSFIELD AND ASHFIELD CCG,Smokers,452,2016/2017
E38000104,09W,NHS MEDWAY CCG,Maternities,3739,2016/2017
E38000104,09W,NHS MEDWAY CCG,Non-smokers,3101,2016/2017
E38000104,09W,NHS MEDWAY CCG,Not known,0,2016/2017
E38000104,09W,NHS MEDWAY CCG,Smokers,638,2016/2017
E38000105,08R,NHS MERTON CCG,Maternities,2671,2016/2017
E38000105,08R,NHS MERTON CCG,Non-smokers,2546,2016/2017
E38000105,08R,NHS MERTON CCG,Not known,9,2016/2017
E38000105,08R,NHS MERTON CCG,Smokers,116,2016/2017
E38000106,06Q,NHS MID ESSEX CCG,Maternities,4000,2016/2017
E38000106,06Q,NHS MID ESSEX CCG,Non-smokers,3672,2016/2017
E38000106,06Q,NHS MID ESSEX CCG,Not known,14,2016/2017
E38000106,06Q,NHS MID ESSEX CCG,Smokers,314,2016/2017
E38000107,04F,NHS MILTON KEYNES CCG,Maternities,3058,2016/2017
E38000107,04F,NHS MILTON KEYNES CCG,Non-smokers,2696,2016/2017
E38000107,04F,NHS MILTON KEYNES CCG,Not known,3,2016/2017
E38000107,04F,NHS MILTON KEYNES CCG,Smokers,359,2016/2017
E38000108,04G,NHS NENE CCG,Maternities,7283,2016/2017
E38000108,04G,NHS NENE CCG,Non-smokers,6247,2016/2017
E38000108,04G,NHS NENE CCG,Not known,39,2016/2017
E38000108,04G,NHS NENE CCG,Smokers,997,2016/2017
E38000109,04H,NHS NEWARK AND SHERWOOD CCG,Maternities,1151,2016/2017
E38000109,04H,NHS NEWARK AND SHERWOOD CCG,Non-smokers,942,2016/2017
E38000109,04H,NHS NEWARK AND SHERWOOD CCG,Not known,13,2016/2017
E38000109,04H,NHS NEWARK AND SHERWOOD CCG,Smokers,196,2016/2017
E38000110,10M,NHS NEWBURY AND DISTRICT CCG,Maternities,1136,2016/2017
E38000110,10M,NHS NEWBURY AND DISTRICT CCG,Non-smokers,1040,2016/2017
E38000110,10M,NHS NEWBURY AND DISTRICT CCG,Not known,2,2016/2017
E38000110,10M,NHS NEWBURY AND DISTRICT CCG,Smokers,94,2016/2017
E38000113,08M,NHS NEWHAM CCG,Maternities,6065,2016/2017
E38000113,08M,NHS NEWHAM CCG,Non-smokers,5724,2016/2017
E38000113,08M,NHS NEWHAM CCG,Not known,61,2016/2017
E38000113,08M,NHS NEWHAM CCG,Smokers,280,2016/2017
E38000114,10N,NHS NORTH & WEST READING CCG,Maternities,1239,2016/2017
E38000114,10N,NHS NORTH & WEST READING CCG,Non-smokers,1175,2016/2017
E38000114,10N,NHS NORTH & WEST READING CCG,Not known,1,2016/2017
E38000114,10N,NHS NORTH & WEST READING CCG,Smokers,63,2016/2017
E38000115,04J,NHS NORTH DERBYSHIRE CCG,Maternities,2546,2016/2017
E38000115,04J,NHS NORTH DERBYSHIRE CCG,Non-smokers,2262,2016/2017
E38000115,04J,NHS NORTH DERBYSHIRE CCG,Not known,2,2016/2017
E38000115,04J,NHS NORTH DERBYSHIRE CCG,Smokers,282,2016/2017
E38000116,00J,NHS NORTH DURHAM CCG,Maternities,2377,2016/2017
E38000116,00J,NHS NORTH DURHAM CCG,Non-smokers,2051,2016/2017
E38000116,00J,NHS NORTH DURHAM CCG,Not known,7,2016/2017
E38000116,00J,NHS NORTH DURHAM CCG,Smokers,319,2016/2017
E38000117,06T,NHS NORTH EAST ESSEX CCG,Maternities,3342,2016/2017
E38000117,06T,NHS NORTH EAST ESSEX CCG,Non-smokers,2865,2016/2017
E38000117,06T,NHS NORTH EAST ESSEX CCG,Not known,53,2016/2017
E38000117,06T,NHS NORTH EAST ESSEX CCG,Smokers,424,2016/2017
E38000118,99M,NHS NORTH EAST HAMPSHIRE AND FARNHAM CCG,Maternities,2430,2016/2017
E38000118,99M,NHS NORTH EAST HAMPSHIRE AND FARNHAM CCG,Non-smokers,2228,2016/2017
E38000118,99M,NHS NORTH EAST HAMPSHIRE AND FARNHAM CCG,Not known,0,2016/2017
E38000118,99M,NHS NORTH EAST HAMPSHIRE AND FARNHAM CCG,Smokers,202,2016/2017
E38000119,03H,NHS NORTH EAST LINCOLNSHIRE CCG,Maternities,1778,2016/2017
E38000119,03H,NHS NORTH EAST LINCOLNSHIRE CCG,Non-smokers,1382,2016/2017
E38000119,03H,NHS NORTH EAST LINCOLNSHIRE CCG,Not known,0,2016/2017
E38000119,03H,NHS NORTH EAST LINCOLNSHIRE CCG,Smokers,396,2016/2017
E38000120,10J,NHS NORTH HAMPSHIRE CCG,Maternities,2515,2016/2017
E38000120,10J,NHS NORTH HAMPSHIRE CCG,Non-smokers,2307,2016/2017
E38000120,10J,NHS NORTH HAMPSHIRE CCG,Not known,11,2016/2017
E38000120,10J,NHS NORTH HAMPSHIRE CCG,Smokers,197,2016/2017
E38000121,03J,NHS NORTH KIRKLEES CCG,Maternities,2454,2016/2017
E38000121,03J,NHS NORTH KIRKLEES CCG,Non-smokers,2081,2016/2017
E38000121,03J,NHS NORTH KIRKLEES CCG,Not known,17,2016/2017
E38000121,03J,NHS NORTH KIRKLEES CCG,Smokers,356,2016/2017
E38000122,03K,NHS NORTH LINCOLNSHIRE CCG,Maternities,1682,2016/2017
E38000122,03K,NHS NORTH LINCOLNSHIRE CCG,Non-smokers,1357,2016/2017
E38000122,03K,NHS NORTH LINCOLNSHIRE CCG,Not known,6,2016/2017
E38000122,03K,NHS NORTH LINCOLNSHIRE CCG,Smokers,319,2016/2017
E38000123,01M,NHS NORTH MANCHESTER CCG,Maternities,3042,2016/2017
E38000123,01M,NHS NORTH MANCHESTER CCG,Non-smokers,2597,2016/2017
E38000123,01M,NHS NORTH MANCHESTER CCG,Not known,1,2016/2017
E38000123,01M,NHS NORTH MANCHESTER CCG,Smokers,444,2016/2017
E38000124,06V,NHS NORTH NORFOLK CCG,Maternities,1330,2016/2017
E38000124,06V,NHS NORTH NORFOLK CCG,Non-smokers,1183,2016/2017
E38000124,06V,NHS NORTH NORFOLK CCG,Not known,3,2016/2017
E38000124,06V,NHS NORTH NORFOLK CCG,Smokers,144,2016/2017
E38000125,11T,NHS NORTH SOMERSET CCG,Maternities,2044,2016/2017
E38000125,11T,NHS NORTH SOMERSET CCG,Non-smokers,1724,2016/2017
E38000125,11T,NHS NORTH SOMERSET CCG,Not known,90,2016/2017
E38000125,11T,NHS NORTH SOMERSET CCG,Smokers,230,2016/2017
E38000126,05G,NHS NORTH STAFFORDSHIRE CCG,Maternities,1908,2016/2017
E38000126,05G,NHS NORTH STAFFORDSHIRE CCG,Non-smokers,1555,2016/2017
E38000126,05G,NHS NORTH STAFFORDSHIRE CCG,Not known,68,2016/2017
E38000126,05G,NHS NORTH STAFFORDSHIRE CCG,Smokers,285,2016/2017
E38000127,99C,NHS NORTH TYNESIDE CCG,Maternities,2220,2016/2017
E38000127,99C,NHS NORTH TYNESIDE CCG,Non-smokers,1944,2016/2017
E38000127,99C,NHS NORTH TYNESIDE CCG,Not known,5,2016/2017
E38000127,99C,NHS NORTH TYNESIDE CCG,Smokers,271,2016/2017
E38000128,09Y,NHS NORTH WEST SURREY CCG,Maternities,3814,2016/2017
E38000128,09Y,NHS NORTH WEST SURREY CCG,Non-smokers,3487,2016/2017
E38000128,09Y,NHS NORTH WEST SURREY CCG,Not known,115,2016/2017
E38000128,09Y,NHS NORTH WEST SURREY CCG,Smokers,212,2016/2017
E38000129,99P,"NHS NORTHERN, EASTERN AND WESTERN DEVON CCG",Maternities,8387,2016/2017
E38000129,99P,"NHS NORTHERN, EASTERN AND WESTERN DEVON CCG",Non-smokers,7271,2016/2017
E38000129,99P,"NHS NORTHERN, EASTERN AND WESTERN DEVON CCG",Not known,152,2016/2017
E38000129,99P,"NHS NORTHERN, EASTERN AND WESTERN DEVON CCG",Smokers,964,2016/2017
E38000130,00L,NHS NORTHUMBERLAND CCG,Maternities,2723,2016/2017
E38000130,00L,NHS NORTHUMBERLAND CCG,Non-smokers,2353,2016/2017
E38000130,00L,NHS NORTHUMBERLAND CCG,Not known,21,2016/2017
E38000130,00L,NHS NORTHUMBERLAND CCG,Smokers,349,2016/2017
E38000131,06W,NHS NORWICH CCG,Maternities,2214,2016/2017
E38000131,06W,NHS NORWICH CCG,Non-smokers,1907,2016/2017
E38000131,06W,NHS NORWICH CCG,Not known,2,2016/2017
E38000131,06W,NHS NORWICH CCG,Smokers,305,2016/2017
E38000132,04K,NHS NOTTINGHAM CITY CCG,Maternities,4318,2016/2017
E38000132,04K,NHS NOTTINGHAM CITY CCG,Non-smokers,3477,2016/2017
E38000132,04K,NHS NOTTINGHAM CITY CCG,Not known,100,2016/2017
E38000132,04K,NHS NOTTINGHAM CITY CCG,Smokers,741,2016/2017
E38000133,04L,NHS NOTTINGHAM NORTH AND EAST CCG,Maternities,1571,2016/2017
E38000133,04L,NHS NOTTINGHAM NORTH AND EAST CCG,Non-smokers,1344,2016/2017
E38000133,04L,NHS NOTTINGHAM NORTH AND EAST CCG,Not known,32,2016/2017
E38000133,04L,NHS NOTTINGHAM NORTH AND EAST CCG,Smokers,195,2016/2017
E38000134,04M,NHS NOTTINGHAM WEST CCG,Maternities,900,2016/2017
E38000134,04M,NHS NOTTINGHAM WEST CCG,Non-smokers,771,2016/2017
E38000134,04M,NHS NOTTINGHAM WEST CCG,Not known,25,2016/2017
E38000134,04M,NHS NOTTINGHAM WEST CCG,Smokers,104,2016/2017
E38000135,00Y,NHS OLDHAM CCG,Maternities,3321,2016/2017
E38000135,00Y,NHS OLDHAM CCG,Non-smokers,2880,2016/2017
E38000135,00Y,NHS OLDHAM CCG,Not known,1,2016/2017
E38000135,00Y,NHS OLDHAM CCG,Smokers,440,2016/2017
E38000136,10Q,NHS OXFORDSHIRE CCG,Maternities,7066,2016/2017
E38000136,10Q,NHS OXFORDSHIRE CCG,Non-smokers,6505,2016/2017
E38000136,10Q,NHS OXFORDSHIRE CCG,Not known,21,2016/2017
E38000136,10Q,NHS OXFORDSHIRE CCG,Smokers,540,2016/2017
E38000137,10R,NHS PORTSMOUTH CCG,Maternities,2536,2016/2017
E38000137,10R,NHS PORTSMOUTH CCG,Non-smokers,2155,2016/2017
E38000137,10R,NHS PORTSMOUTH CCG,Not known,67,2016/2017
E38000137,10R,NHS PORTSMOUTH CCG,Smokers,314,2016/2017
E38000138,08N,NHS REDBRIDGE CCG,Maternities,4350,2016/2017
E38000138,08N,NHS REDBRIDGE CCG,Non-smokers,4148,2016/2017
E38000138,08N,NHS REDBRIDGE CCG,Not known,66,2016/2017
E38000138,08N,NHS REDBRIDGE CCG,Smokers,136,2016/2017
E38000139,05J,NHS REDDITCH AND BROMSGROVE CCG,Maternities,1521,2016/2017
E38000139,05J,NHS REDDITCH AND BROMSGROVE CCG,Non-smokers,1339,2016/2017
E38000139,05J,NHS REDDITCH AND BROMSGROVE CCG,Not known,25,2016/2017
E38000139,05J,NHS REDDITCH AND BROMSGROVE CCG,Smokers,157,2016/2017
E38000140,08P,NHS RICHMOND CCG,Maternities,2010,2016/2017
E38000140,08P,NHS RICHMOND CCG,Non-smokers,1944,2016/2017
E38000140,08P,NHS RICHMOND CCG,Not known,15,2016/2017
E38000140,08P,NHS RICHMOND CCG,Smokers,51,2016/2017
E38000141,03L,NHS ROTHERHAM CCG,Maternities,2677,2016/2017
E38000141,03L,NHS ROTHERHAM CCG,Non-smokers,2201,2016/2017
E38000141,03L,NHS ROTHERHAM CCG,Not known,21,2016/2017
E38000141,03L,NHS ROTHERHAM CCG,Smokers,455,2016/2017
E38000142,04N,NHS RUSHCLIFFE CCG,Maternities,1037,2016/2017
E38000142,04N,NHS RUSHCLIFFE CCG,Non-smokers,967,2016/2017
E38000142,04N,NHS RUSHCLIFFE CCG,Not known,25,2016/2017
E38000142,04N,NHS RUSHCLIFFE CCG,Smokers,45,2016/2017
E38000143,01G,NHS SALFORD CCG,Maternities,3497,2016/2017
E38000143,01G,NHS SALFORD CCG,Non-smokers,3041,2016/2017
E38000143,01G,NHS SALFORD CCG,Not known,11,2016/2017
E38000143,01G,NHS SALFORD CCG,Smokers,445,2016/2017
E38000144,05L,NHS SANDWELL AND WEST BIRMINGHAM CCG,Maternities,7867,2016/2017
E38000144,05L,NHS SANDWELL AND WEST BIRMINGHAM CCG,Non-smokers,6963,2016/2017
E38000144,05L,NHS SANDWELL AND WEST BIRMINGHAM CCG,Not known,129,2016/2017
E38000144,05L,NHS SANDWELL AND WEST BIRMINGHAM CCG,Smokers,775,2016/2017
E38000145,03M,NHS SCARBOROUGH AND RYEDALE CCG,Maternities,1141,2016/2017
E38000145,03M,NHS SCARBOROUGH AND RYEDALE CCG,Non-smokers,926,2016/2017
E38000145,03M,NHS SCARBOROUGH AND RYEDALE CCG,Not known,2,2016/2017
E38000145,03M,NHS SCARBOROUGH AND RYEDALE CCG,Smokers,213,2016/2017
E38000146,03N,NHS SHEFFIELD CCG,Maternities,6058,2016/2017
E38000146,03N,NHS SHEFFIELD CCG,Non-smokers,5276,2016/2017
E38000146,03N,NHS SHEFFIELD CCG,Not known,0,2016/2017
E38000146,03N,NHS SHEFFIELD CCG,Smokers,782,2016/2017
E38000147,05N,NHS SHROPSHIRE CCG,Maternities,2469,2016/2017
E38000147,05N,NHS SHROPSHIRE CCG,Non-smokers,2162,2016/2017
E38000147,05N,NHS SHROPSHIRE CCG,Not known,2,2016/2017
E38000147,05N,NHS SHROPSHIRE CCG,Smokers,305,2016/2017
E38000148,10T,NHS SLOUGH CCG,Maternities,2382,2016/2017
E38000148,10T,NHS SLOUGH CCG,Non-smokers,2191,2016/2017
E38000148,10T,NHS SLOUGH CCG,Not known,2,2016/2017
E38000148,10T,NHS SLOUGH CCG,Smokers,189,2016/2017
E38000149,05P,NHS SOLIHULL CCG,Maternities,2592,2016/2017
E38000149,05P,NHS SOLIHULL CCG,Non-smokers,2232,2016/2017
E38000149,05P,NHS SOLIHULL CCG,Not known,117,2016/2017
E38000149,05P,NHS SOLIHULL CCG,Smokers,243,2016/2017
E38000150,11X,NHS SOMERSET CCG,Maternities,5222,2016/2017
E38000150,11X,NHS SOMERSET CCG,Non-smokers,4524,2016/2017
E38000150,11X,NHS SOMERSET CCG,Not known,19,2016/2017
E38000150,11X,NHS SOMERSET CCG,Smokers,679,2016/2017
E38000151,01R,NHS SOUTH CHESHIRE CCG,Maternities,1730,2016/2017
E38000151,01R,NHS SOUTH CHESHIRE CCG,Non-smokers,1472,2016/2017
E38000151,01R,NHS SOUTH CHESHIRE CCG,Not known,7,2016/2017
E38000151,01R,NHS SOUTH CHESHIRE CCG,Smokers,251,2016/2017
E38000152,99Q,NHS SOUTH DEVON AND TORBAY CCG,Maternities,2263,2016/2017
E38000152,99Q,NHS SOUTH DEVON AND TORBAY CCG,Non-smokers,1906,2016/2017
E38000152,99Q,NHS SOUTH DEVON AND TORBAY CCG,Not known,15,2016/2017
E38000152,99Q,NHS SOUTH DEVON AND TORBAY CCG,Smokers,342,2016/2017
E38000153,05Q,NHS SOUTH EAST STAFFORDSHIRE AND SEISDON PENINSULA CCG,Maternities,1917,2016/2017
E38000153,05Q,NHS SOUTH EAST STAFFORDSHIRE AND SEISDON PENINSULA CCG,Non-smokers,1654,2016/2017
E38000153,05Q,NHS SOUTH EAST STAFFORDSHIRE AND SEISDON PENINSULA CCG,Not known,42,2016/2017
E38000153,05Q,NHS SOUTH EAST STAFFORDSHIRE AND SEISDON PENINSULA CCG,Smokers,221,2016/2017
E38000154,10V,NHS SOUTH EASTERN HAMPSHIRE CCG,Maternities,2045,2016/2017
E38000154,10V,NHS SOUTH EASTERN HAMPSHIRE CCG,Non-smokers,1768,2016/2017
E38000154,10V,NHS SOUTH EASTERN HAMPSHIRE CCG,Not known,31,2016/2017
E38000154,10V,NHS SOUTH EASTERN HAMPSHIRE CCG,Smokers,246,2016/2017
E38000155,12A,NHS SOUTH GLOUCESTERSHIRE CCG,Maternities,2650,2016/2017
E38000155,12A,NHS SOUTH GLOUCESTERSHIRE CCG,Non-smokers,2428,2016/2017
E38000155,12A,NHS SOUTH GLOUCESTERSHIRE CCG,Not known,11,2016/2017
E38000155,12A,NHS SOUTH GLOUCESTERSHIRE CCG,Smokers,211,2016/2017
E38000156,10A,NHS SOUTH KENT COAST CCG,Maternities,1920,2016/2017
E38000156,10A,NHS SOUTH KENT COAST CCG,Non-smokers,1527,2016/2017
E38000156,10A,NHS SOUTH KENT COAST CCG,Not known,8,2016/2017
E38000156,10A,NHS SOUTH KENT COAST CCG,Smokers,385,2016/2017
E38000157,99D,NHS SOUTH LINCOLNSHIRE CCG,Maternities,1484,2016/2017
E38000157,99D,NHS SOUTH LINCOLNSHIRE CCG,Non-smokers,1241,2016/2017
E38000157,99D,NHS SOUTH LINCOLNSHIRE CCG,Not known,124,2016/2017
E38000157,99D,NHS SOUTH LINCOLNSHIRE CCG,Smokers,119,2016/2017
E38000158,01N,NHS SOUTH MANCHESTER CCG,Maternities,2124,2016/2017
E38000158,01N,NHS SOUTH MANCHESTER CCG,Non-smokers,1835,2016/2017
E38000158,01N,NHS SOUTH MANCHESTER CCG,Not known,0,2016/2017
E38000158,01N,NHS SOUTH MANCHESTER CCG,Smokers,289,2016/2017
E38000159,06Y,NHS SOUTH NORFOLK CCG,Maternities,2336,2016/2017
E38000159,06Y,NHS SOUTH NORFOLK CCG,Non-smokers,2062,2016/2017
E38000159,06Y,NHS SOUTH NORFOLK CCG,Not known,7,2016/2017
E38000159,06Y,NHS SOUTH NORFOLK CCG,Smokers,267,2016/2017
E38000160,10W,NHS SOUTH READING CCG,Maternities,1811,2016/2017
E38000160,10W,NHS SOUTH READING CCG,Non-smokers,1675,2016/2017
E38000160,10W,NHS SOUTH READING CCG,Not known,0,2016/2017
E38000160,10W,NHS SOUTH READING CCG,Smokers,136,2016/2017
E38000161,01T,NHS SOUTH SEFTON CCG,Maternities,1660,2016/2017
E38000161,01T,NHS SOUTH SEFTON CCG,Non-smokers,1397,2016/2017
E38000161,01T,NHS SOUTH SEFTON CCG,Not known,29,2016/2017
E38000161,01T,NHS SOUTH SEFTON CCG,Smokers,234,2016/2017
E38000162,00M,NHS SOUTH TEES CCG,Maternities,3318,2016/2017
E38000162,00M,NHS SOUTH TEES CCG,Non-smokers,2615,2016/2017
E38000162,00M,NHS SOUTH TEES CCG,Not known,36,2016/2017
E38000162,00M,NHS SOUTH TEES CCG,Smokers,667,2016/2017
E38000163,00N,NHS SOUTH TYNESIDE CCG,Maternities,1595,2016/2017
E38000163,00N,NHS SOUTH TYNESIDE CCG,Non-smokers,1261,2016/2017
E38000163,00N,NHS SOUTH TYNESIDE CCG,Not known,2,2016/2017
E38000163,00N,NHS SOUTH TYNESIDE CCG,Smokers,332,2016/2017
E38000164,05R,NHS SOUTH WARWICKSHIRE CCG,Maternities,2611,2016/2017
E38000164,05R,NHS SOUTH WARWICKSHIRE CCG,Non-smokers,2344,2016/2017
E38000164,05R,NHS SOUTH WARWICKSHIRE CCG,Not known,73,2016/2017
E38000164,05R,NHS SOUTH WARWICKSHIRE CCG,Smokers,194,2016/2017
E38000165,04Q,NHS SOUTH WEST LINCOLNSHIRE CCG,Maternities,1079,2016/2017
E38000165,04Q,NHS SOUTH WEST LINCOLNSHIRE CCG,Non-smokers,791,2016/2017
E38000165,04Q,NHS SOUTH WEST LINCOLNSHIRE CCG,Not known,183,2016/2017
E38000165,04Q,NHS SOUTH WEST LINCOLNSHIRE CCG,Smokers,105,2016/2017
E38000166,05T,NHS SOUTH WORCESTERSHIRE CCG,Maternities,2710,2016/2017
E38000166,05T,NHS SOUTH WORCESTERSHIRE CCG,Non-smokers,2343,2016/2017
E38000166,05T,NHS SOUTH WORCESTERSHIRE CCG,Not known,52,2016/2017
E38000166,05T,NHS SOUTH WORCESTERSHIRE CCG,Smokers,315,2016/2017
E38000167,10X,NHS SOUTHAMPTON CCG,Maternities,3245,2016/2017
E38000167,10X,NHS SOUTHAMPTON CCG,Non-smokers,2792,2016/2017
E38000167,10X,NHS SOUTHAMPTON CCG,Not known,5,2016/2017
E38000167,10X,NHS SOUTHAMPTON CCG,Smokers,448,2016/2017
E38000168,99G,NHS SOUTHEND CCG,Maternities,2125,2016/2017
E38000168,99G,NHS SOUTHEND CCG,Non-smokers,1813,2016/2017
E38000168,99G,NHS SOUTHEND CCG,Not known,137,2016/2017
E38000168,99G,NHS SOUTHEND CCG,Smokers,175,2016/2017
E38000169,04R,NHS SOUTHERN DERBYSHIRE CCG,Maternities,5538,2016/2017
E38000169,04R,NHS SOUTHERN DERBYSHIRE CCG,Non-smokers,4724,2016/2017
E38000169,04R,NHS SOUTHERN DERBYSHIRE CCG,Not known,16,2016/2017
E38000169,04R,NHS SOUTHERN DERBYSHIRE CCG,Smokers,798,2016/2017
E38000170,01V,NHS SOUTHPORT AND FORMBY CCG,Maternities,912,2016/2017
E38000170,01V,NHS SOUTHPORT AND FORMBY CCG,Non-smokers,760,2016/2017
E38000170,01V,NHS SOUTHPORT AND FORMBY CCG,Not known,62,2016/2017
E38000170,01V,NHS SOUTHPORT AND FORMBY CCG,Smokers,90,2016/2017
E38000171,08Q,NHS SOUTHWARK CCG,Maternities,4261,2016/2017
E38000171,08Q,NHS SOUTHWARK CCG,Non-smokers,3726,2016/2017
E38000171,08Q,NHS SOUTHWARK CCG,Not known,380,2016/2017
E38000171,08Q,NHS SOUTHWARK CCG,Smokers,155,2016/2017
E38000172,01X,NHS ST HELENS CCG,Maternities,2005,2016/2017
E38000172,01X,NHS ST HELENS CCG,Non-smokers,1711,2016/2017
E38000172,01X,NHS ST HELENS CCG,Not known,8,2016/2017
E38000172,01X,NHS ST HELENS CCG,Smokers,286,2016/2017
E38000173,05V,NHS STAFFORD AND SURROUNDS CCG,Maternities,1265,2016/2017
E38000173,05V,NHS STAFFORD AND SURROUNDS CCG,Non-smokers,1044,2016/2017
E38000173,05V,NHS STAFFORD AND SURROUNDS CCG,Not known,68,2016/2017
E38000173,05V,NHS STAFFORD AND SURROUNDS CCG,Smokers,153,2016/2017
E38000174,01W,NHS STOCKPORT CCG,Maternities,3410,2016/2017
E38000174,01W,NHS STOCKPORT CCG,Non-smokers,3043,2016/2017
E38000174,01W,NHS STOCKPORT CCG,Not known,0,2016/2017
E38000174,01W,NHS STOCKPORT CCG,Smokers,367,2016/2017
E38000175,05W,NHS STOKE ON TRENT CCG,Maternities,3484,2016/2017
E38000175,05W,NHS STOKE ON TRENT CCG,Non-smokers,2696,2016/2017
E38000175,05W,NHS STOKE ON TRENT CCG,Not known,114,2016/2017
E38000175,05W,NHS STOKE ON TRENT CCG,Smokers,674,2016/2017
E38000176,00P,NHS SUNDERLAND CCG,Maternities,2840,2016/2017
E38000176,00P,NHS SUNDERLAND CCG,Non-smokers,2350,2016/2017
E38000176,00P,NHS SUNDERLAND CCG,Not known,3,2016/2017
E38000176,00P,NHS SUNDERLAND CCG,Smokers,487,2016/2017
E38000177,99H,NHS SURREY DOWNS CCG,Maternities,2831,2016/2017
E38000177,99H,NHS SURREY DOWNS CCG,Non-smokers,2687,2016/2017
E38000177,99H,NHS SURREY DOWNS CCG,Not known,13,2016/2017
E38000177,99H,NHS SURREY DOWNS CCG,Smokers,131,2016/2017
E38000178,10C,NHS SURREY HEATH CCG,Maternities,914,2016/2017
E38000178,10C,NHS SURREY HEATH CCG,Non-smokers,846,2016/2017
E38000178,10C,NHS SURREY HEATH CCG,Not known,0,2016/2017
E38000178,10C,NHS SURREY HEATH CCG,Smokers,68,2016/2017
E38000179,08T,NHS SUTTON CCG,Maternities,2389,2016/2017
E38000179,08T,NHS SUTTON CCG,Non-smokers,2234,2016/2017
E38000179,08T,NHS SUTTON CCG,Not known,17,2016/2017
E38000179,08T,NHS SUTTON CCG,Smokers,138,2016/2017
E38000180,10D,NHS SWALE CCG,Maternities,1365,2016/2017
E38000180,10D,NHS SWALE CCG,Non-smokers,1064,2016/2017
E38000180,10D,NHS SWALE CCG,Not known,0,2016/2017
E38000180,10D,NHS SWALE CCG,Smokers,301,2016/2017
E38000181,12D,NHS SWINDON CCG,Maternities,2867,2016/2017
E38000181,12D,NHS SWINDON CCG,Non-smokers,2536,2016/2017
E38000181,12D,NHS SWINDON CCG,Not known,0,2016/2017
E38000181,12D,NHS SWINDON CCG,Smokers,331,2016/2017
E38000182,01Y,NHS TAMESIDE AND GLOSSOP CCG,Maternities,2877,2016/2017
E38000182,01Y,NHS TAMESIDE AND GLOSSOP CCG,Non-smokers,2425,2016/2017
E38000182,01Y,NHS TAMESIDE AND GLOSSOP CCG,Not known,10,2016/2017
E38000182,01Y,NHS TAMESIDE AND GLOSSOP CCG,Smokers,442,2016/2017
E38000183,05X,NHS TELFORD AND WREKIN CCG,Maternities,2029,2016/2017
E38000183,05X,NHS TELFORD AND WREKIN CCG,Non-smokers,1593,2016/2017
E38000183,05X,NHS TELFORD AND WREKIN CCG,Not known,10,2016/2017
E38000183,05X,NHS TELFORD AND WREKIN CCG,Smokers,426,2016/2017
E38000184,10E,NHS THANET CCG,Maternities,1516,2016/2017
E38000184,10E,NHS THANET CCG,Non-smokers,1216,2016/2017
E38000184,10E,NHS THANET CCG,Not known,1,2016/2017
E38000184,10E,NHS THANET CCG,Smokers,299,2016/2017
E38000185,07G,NHS THURROCK CCG,Maternities,2130,2016/2017
E38000185,07G,NHS THURROCK CCG,Non-smokers,1937,2016/2017
E38000185,07G,NHS THURROCK CCG,Not known,1,2016/2017
E38000185,07G,NHS THURROCK CCG,Smokers,192,2016/2017
E38000186,08V,NHS TOWER HAMLETS CCG,Maternities,4521,2016/2017
E38000186,08V,NHS TOWER HAMLETS CCG,Non-smokers,4264,2016/2017
E38000186,08V,NHS TOWER HAMLETS CCG,Not known,72,2016/2017
E38000186,08V,NHS TOWER HAMLETS CCG,Smokers,185,2016/2017
E38000187,02A,NHS TRAFFORD CCG,Maternities,2656,2016/2017
E38000187,02A,NHS TRAFFORD CCG,Non-smokers,2487,2016/2017
E38000187,02A,NHS TRAFFORD CCG,Not known,0,2016/2017
E38000187,02A,NHS TRAFFORD CCG,Smokers,169,2016/2017
E38000188,03Q,NHS VALE OF YORK CCG,Maternities,3197,2016/2017
E38000188,03Q,NHS VALE OF YORK CCG,Non-smokers,2824,2016/2017
E38000188,03Q,NHS VALE OF YORK CCG,Not known,21,2016/2017
E38000188,03Q,NHS VALE OF YORK CCG,Smokers,352,2016/2017
E38000189,02D,NHS VALE ROYAL CCG,Maternities,1073,2016/2017
E38000189,02D,NHS VALE ROYAL CCG,Non-smokers,886,2016/2017
E38000189,02D,NHS VALE ROYAL CCG,Not known,6,2016/2017
E38000189,02D,NHS VALE ROYAL CCG,Smokers,181,2016/2017
E38000190,03R,NHS WAKEFIELD CCG,Maternities,3903,2016/2017
E38000190,03R,NHS WAKEFIELD CCG,Non-smokers,3132,2016/2017
E38000190,03R,NHS WAKEFIELD CCG,Not known,11,2016/2017
E38000190,03R,NHS WAKEFIELD CCG,Smokers,760,2016/2017
E38000191,05Y,NHS WALSALL CCG,Maternities,3641,2016/2017
E38000191,05Y,NHS WALSALL CCG,Non-smokers,2927,2016/2017
E38000191,05Y,NHS WALSALL CCG,Not known,324,2016/2017
E38000191,05Y,NHS WALSALL CCG,Smokers,390,2016/2017
E38000192,08W,NHS WALTHAM FOREST CCG,Maternities,4498,2016/2017
E38000192,08W,NHS WALTHAM FOREST CCG,Non-smokers,4097,2016/2017
E38000192,08W,NHS WALTHAM FOREST CCG,Not known,175,2016/2017
E38000192,08W,NHS WALTHAM FOREST CCG,Smokers,226,2016/2017
E38000193,08X,NHS WANDSWORTH CCG,Maternities,3318,2016/2017
E38000193,08X,NHS WANDSWORTH CCG,Non-smokers,3156,2016/2017
E38000193,08X,NHS WANDSWORTH CCG,Not known,21,2016/2017
E38000193,08X,NHS WANDSWORTH CCG,Smokers,141,2016/2017
E38000194,02E,NHS WARRINGTON CCG,Maternities,1667,2016/2017
E38000194,02E,NHS WARRINGTON CCG,Non-smokers,1353,2016/2017
E38000194,02E,NHS WARRINGTON CCG,Not known,192,2016/2017
E38000194,02E,NHS WARRINGTON CCG,Smokers,122,2016/2017
E38000195,05H,NHS WARWICKSHIRE NORTH CCG,Maternities,1962,2016/2017
E38000195,05H,NHS WARWICKSHIRE NORTH CCG,Non-smokers,1583,2016/2017
E38000195,05H,NHS WARWICKSHIRE NORTH CCG,Not known,154,2016/2017
E38000195,05H,NHS WARWICKSHIRE NORTH CCG,Smokers,225,2016/2017
E38000196,02F,NHS WEST CHESHIRE CCG,Maternities,2449,2016/2017
E38000196,02F,NHS WEST CHESHIRE CCG,Non-smokers,2207,2016/2017
E38000196,02F,NHS WEST CHESHIRE CCG,Not known,14,2016/2017
E38000196,02F,NHS WEST CHESHIRE CCG,Smokers,228,2016/2017
E38000197,07H,NHS WEST ESSEX CCG,Maternities,3476,2016/2017
E38000197,07H,NHS WEST ESSEX CCG,Non-smokers,2811,2016/2017
E38000197,07H,NHS WEST ESSEX CCG,Not known,400,2016/2017
E38000197,07H,NHS WEST ESSEX CCG,Smokers,265,2016/2017
E38000198,11A,NHS WEST HAMPSHIRE CCG,Maternities,5153,2016/2017
E38000198,11A,NHS WEST HAMPSHIRE CCG,Non-smokers,4712,2016/2017
E38000198,11A,NHS WEST HAMPSHIRE CCG,Not known,12,2016/2017
E38000198,11A,NHS WEST HAMPSHIRE CCG,Smokers,429,2016/2017
E38000199,99J,NHS WEST KENT CCG,Maternities,5157,2016/2017
E38000199,99J,NHS WEST KENT CCG,Non-smokers,4655,2016/2017
E38000199,99J,NHS WEST KENT CCG,Not known,0,2016/2017
E38000199,99J,NHS WEST KENT CCG,Smokers,502,2016/2017
E38000200,02G,NHS WEST LANCASHIRE CCG,Maternities,896,2016/2017
E38000200,02G,NHS WEST LANCASHIRE CCG,Non-smokers,706,2016/2017
E38000200,02G,NHS WEST LANCASHIRE CCG,Not known,68,2016/2017
E38000200,02G,NHS WEST LANCASHIRE CCG,Smokers,122,2016/2017
E38000201,04V,NHS WEST LEICESTERSHIRE CCG,Maternities,3538,2016/2017
E38000201,04V,NHS WEST LEICESTERSHIRE CCG,Non-smokers,3187,2016/2017
E38000201,04V,NHS WEST LEICESTERSHIRE CCG,Not known,0,2016/2017
E38000201,04V,NHS WEST LEICESTERSHIRE CCG,Smokers,351,2016/2017
E38000202,08Y,NHS WEST LONDON CCG,Maternities,2121,2016/2017
E38000202,08Y,NHS WEST LONDON CCG,Non-smokers,2008,2016/2017
E38000202,08Y,NHS WEST LONDON CCG,Not known,65,2016/2017
E38000202,08Y,NHS WEST LONDON CCG,Smokers,48,2016/2017
E38000203,07J,NHS WEST NORFOLK CCG,Maternities,1518,2016/2017
E38000203,07J,NHS WEST NORFOLK CCG,Non-smokers,1322,2016/2017
E38000203,07J,NHS WEST NORFOLK CCG,Not known,13,2016/2017
E38000203,07J,NHS WEST NORFOLK CCG,Smokers,183,2016/2017
E38000204,07K,NHS WEST SUFFOLK CCG,Maternities,2368,2016/2017
E38000204,07K,NHS WEST SUFFOLK CCG,Non-smokers,1871,2016/2017
E38000204,07K,NHS WEST SUFFOLK CCG,Not known,236,2016/2017
E38000204,07K,NHS WEST SUFFOLK CCG,Smokers,261,2016/2017
E38000205,02H,NHS WIGAN BOROUGH CCG,Maternities,3412,2016/2017
E38000205,02H,NHS WIGAN BOROUGH CCG,Non-smokers,2893,2016/2017
E38000205,02H,NHS WIGAN BOROUGH CCG,Not known,13,2016/2017
E38000205,02H,NHS WIGAN BOROUGH CCG,Smokers,506,2016/2017
E38000206,99N,NHS WILTSHIRE CCG,Maternities,4446,2016/2017
E38000206,99N,NHS WILTSHIRE CCG,Non-smokers,4013,2016/2017
E38000206,99N,NHS WILTSHIRE CCG,Not known,1,2016/2017
E38000206,99N,NHS WILTSHIRE CCG,Smokers,432,2016/2017
E38000207,11C,"NHS WINDSOR, ASCOT AND MAIDENHEAD CCG",Maternities,1611,2016/2017
E38000207,11C,"NHS WINDSOR, ASCOT AND MAIDENHEAD CCG",Non-smokers,1522,2016/2017
E38000207,11C,"NHS WINDSOR, ASCOT AND MAIDENHEAD CCG",Not known,2,2016/2017
E38000207,11C,"NHS WINDSOR, ASCOT AND MAIDENHEAD CCG",Smokers,87,2016/2017
E38000208,12F,NHS WIRRAL CCG,Maternities,3309,2016/2017
E38000208,12F,NHS WIRRAL CCG,Non-smokers,2562,2016/2017
E38000208,12F,NHS WIRRAL CCG,Not known,399,2016/2017
E38000208,12F,NHS WIRRAL CCG,Smokers,348,2016/2017
E38000209,11D,NHS WOKINGHAM CCG,Maternities,1629,2016/2017
E38000209,11D,NHS WOKINGHAM CCG,Non-smokers,1567,2016/2017
E38000209,11D,NHS WOKINGHAM CCG,Not known,0,2016/2017
E38000209,11D,NHS WOKINGHAM CCG,Smokers,62,2016/2017
E38000210,06A,NHS WOLVERHAMPTON CCG,Maternities,3421,2016/2017
E38000210,06A,NHS WOLVERHAMPTON CCG,Non-smokers,2832,2016/2017
E38000210,06A,NHS WOLVERHAMPTON CCG,Not known,4,2016/2017
E38000210,06A,NHS WOLVERHAMPTON CCG,Smokers,585,2016/2017
E38000211,06D,NHS WYRE FOREST CCG,Maternities,1093,2016/2017
E38000211,06D,NHS WYRE FOREST CCG,Non-smokers,923,2016/2017
E38000211,06D,NHS WYRE FOREST CCG,Not known,16,2016/2017
E38000211,06D,NHS WYRE FOREST CCG,Smokers,154,2016/2017
E38000212,13T,NHS NEWCASTLE GATESHEAD CCG,Maternities,5361,2016/2017
E38000212,13T,NHS NEWCASTLE GATESHEAD CCG,Non-smokers,4562,2016/2017
E38000212,13T,NHS NEWCASTLE GATESHEAD CCG,Not known,24,2016/2017
E38000212,13T,NHS NEWCASTLE GATESHEAD CCG,Smokers,775,2016/2017
E38000213,09G,NHS COASTAL WEST SUSSEX CCG,Maternities,4372,2016/2017
E38000213,09G,NHS COASTAL WEST SUSSEX CCG,Non-smokers,3804,2016/2017
E38000213,09G,NHS COASTAL WEST SUSSEX CCG,Not known,77,2016/2017
E38000213,09G,NHS COASTAL WEST SUSSEX CCG,Smokers,491,2016/2017
E38000214,09N,NHS GUILDFORD AND WAVERLEY CCG,Maternities,2045,2016/2017
E38000214,09N,NHS GUILDFORD AND WAVERLEY CCG,Non-smokers,1933,2016/2017
E38000214,09N,NHS GUILDFORD AND WAVERLEY CCG,Not known,2,2016/2017
E38000214,09N,NHS GUILDFORD AND WAVERLEY CCG,Smokers,110,2016/2017
