ONS_Code,Org_Code,Org_Name,Metric,Value,Year
E38000001,02N,"NHS Airedale, Wharfedale And Craven CCG",Maternities,1475,2017/2018
E38000001,02N,"NHS Airedale, Wharfedale And Craven CCG",Non-smokers,1295,2017/2018
E38000001,02N,"NHS Airedale, Wharfedale And Craven CCG",Not known,5,2017/2018
E38000001,02N,"NHS Airedale, Wharfedale And Craven CCG",Smokers,175,2017/2018
E38000002,09C,NHS Ashford CCG,Maternities,1519,2017/2018
E38000002,09C,NHS Ashford CCG,Non-smokers,1292,2017/2018
E38000002,09C,NHS Ashford CCG,Not known,3,2017/2018
E38000002,09C,NHS Ashford CCG,Smokers,224,2017/2018
E38000003,10Y,NHS Aylesbury Vale CCG,Maternities,2406,2017/2018
E38000003,10Y,NHS Aylesbury Vale CCG,Non-smokers,2211,2017/2018
E38000003,10Y,NHS Aylesbury Vale CCG,Not known,2,2017/2018
E38000003,10Y,NHS Aylesbury Vale CCG,Smokers,193,2017/2018
E38000004,07L,NHS Barking And Dagenham CCG,Maternities,3538,2017/2018
E38000004,07L,NHS Barking And Dagenham CCG,Non-smokers,3221,2017/2018
E38000004,07L,NHS Barking And Dagenham CCG,Not known,44,2017/2018
E38000004,07L,NHS Barking And Dagenham CCG,Smokers,273,2017/2018
E38000005,07M,NHS Barnet CCG,Maternities,4968,2017/2018
E38000005,07M,NHS Barnet CCG,Non-smokers,4740,2017/2018
E38000005,07M,NHS Barnet CCG,Not known,55,2017/2018
E38000005,07M,NHS Barnet CCG,Smokers,173,2017/2018
E38000006,02P,NHS Barnsley CCG,Maternities,2999,2017/2018
E38000006,02P,NHS Barnsley CCG,Non-smokers,2494,2017/2018
E38000006,02P,NHS Barnsley CCG,Not known,0,2017/2018
E38000006,02P,NHS Barnsley CCG,Smokers,505,2017/2018
E38000007,99E,NHS Basildon And Brentwood CCG,Maternities,2590,2017/2018
E38000007,99E,NHS Basildon And Brentwood CCG,Non-smokers,2282,2017/2018
E38000007,99E,NHS Basildon And Brentwood CCG,Not known,2,2017/2018
E38000007,99E,NHS Basildon And Brentwood CCG,Smokers,306,2017/2018
E38000008,02Q,NHS Bassetlaw CCG,Maternities,1059,2017/2018
E38000008,02Q,NHS Bassetlaw CCG,Non-smokers,891,2017/2018
E38000008,02Q,NHS Bassetlaw CCG,Not known,26,2017/2018
E38000008,02Q,NHS Bassetlaw CCG,Smokers,142,2017/2018
E38000009,11E,NHS Bath And North East Somerset CCG,Maternities,1582,2017/2018
E38000009,11E,NHS Bath And North East Somerset CCG,Non-smokers,1463,2017/2018
E38000009,11E,NHS Bath And North East Somerset CCG,Not known,0,2017/2018
E38000009,11E,NHS Bath And North East Somerset CCG,Smokers,119,2017/2018
E38000010,06F,NHS Bedfordshire CCG,Maternities,5377,2017/2018
E38000010,06F,NHS Bedfordshire CCG,Non-smokers,4900,2017/2018
E38000010,06F,NHS Bedfordshire CCG,Not known,22,2017/2018
E38000010,06F,NHS Bedfordshire CCG,Smokers,455,2017/2018
E38000011,07N,NHS Bexley CCG,Maternities,2813,2017/2018
E38000011,07N,NHS Bexley CCG,Non-smokers,2575,2017/2018
E38000011,07N,NHS Bexley CCG,Not known,15,2017/2018
E38000011,07N,NHS Bexley CCG,Smokers,223,2017/2018
E38000012,13P,NHS Birmingham Crosscity CCG,Maternities,9060,2017/2018
E38000012,13P,NHS Birmingham Crosscity CCG,Non-smokers,7948,2017/2018
E38000012,13P,NHS Birmingham Crosscity CCG,Not known,254,2017/2018
E38000012,13P,NHS Birmingham Crosscity CCG,Smokers,858,2017/2018
E38000013,04X,NHS Birmingham South And Central CCG,Maternities,4552,2017/2018
E38000013,04X,NHS Birmingham South And Central CCG,Non-smokers,4253,2017/2018
E38000013,04X,NHS Birmingham South And Central CCG,Not known,117,2017/2018
E38000013,04X,NHS Birmingham South And Central CCG,Smokers,182,2017/2018
E38000014,00Q,NHS Blackburn With Darwen CCG,Maternities,2082,2017/2018
E38000014,00Q,NHS Blackburn With Darwen CCG,Non-smokers,1761,2017/2018
E38000014,00Q,NHS Blackburn With Darwen CCG,Not known,23,2017/2018
E38000014,00Q,NHS Blackburn With Darwen CCG,Smokers,298,2017/2018
E38000015,00R,NHS Blackpool CCG,Maternities,1744,2017/2018
E38000015,00R,NHS Blackpool CCG,Non-smokers,1290,2017/2018
E38000015,00R,NHS Blackpool CCG,Not known,0,2017/2018
E38000015,00R,NHS Blackpool CCG,Smokers,454,2017/2018
E38000016,00T,NHS Bolton CCG,Maternities,3643,2017/2018
E38000016,00T,NHS Bolton CCG,Non-smokers,3111,2017/2018
E38000016,00T,NHS Bolton CCG,Not known,0,2017/2018
E38000016,00T,NHS Bolton CCG,Smokers,532,2017/2018
E38000017,10G,NHS Bracknell And Ascot CCG,Maternities,1411,2017/2018
E38000017,10G,NHS Bracknell And Ascot CCG,Non-smokers,1309,2017/2018
E38000017,10G,NHS Bracknell And Ascot CCG,Not known,1,2017/2018
E38000017,10G,NHS Bracknell And Ascot CCG,Smokers,101,2017/2018
E38000018,02W,NHS Bradford City CCG,Maternities,2158,2017/2018
E38000018,02W,NHS Bradford City CCG,Non-smokers,1930,2017/2018
E38000018,02W,NHS Bradford City CCG,Not known,1,2017/2018
E38000018,02W,NHS Bradford City CCG,Smokers,227,2017/2018
E38000019,02R,NHS Bradford Districts CCG,Maternities,4244,2017/2018
E38000019,02R,NHS Bradford Districts CCG,Non-smokers,3503,2017/2018
E38000019,02R,NHS Bradford Districts CCG,Not known,26,2017/2018
E38000019,02R,NHS Bradford Districts CCG,Smokers,715,2017/2018
E38000020,07P,NHS Brent CCG,Maternities,4635,2017/2018
E38000020,07P,NHS Brent CCG,Non-smokers,4461,2017/2018
E38000020,07P,NHS Brent CCG,Not known,28,2017/2018
E38000020,07P,NHS Brent CCG,Smokers,146,2017/2018
E38000021,09D,NHS Brighton And Hove CCG,Maternities,2697,2017/2018
E38000021,09D,NHS Brighton And Hove CCG,Non-smokers,2486,2017/2018
E38000021,09D,NHS Brighton And Hove CCG,Not known,66,2017/2018
E38000021,09D,NHS Brighton And Hove CCG,Smokers,145,2017/2018
E38000022,11H,NHS Bristol CCG,Maternities,5976,2017/2018
E38000022,11H,NHS Bristol CCG,Non-smokers,5361,2017/2018
E38000022,11H,NHS Bristol CCG,Not known,7,2017/2018
E38000022,11H,NHS Bristol CCG,Smokers,608,2017/2018
E38000023,07Q,NHS Bromley CCG,Maternities,4013,2017/2018
E38000023,07Q,NHS Bromley CCG,Non-smokers,3753,2017/2018
E38000023,07Q,NHS Bromley CCG,Not known,65,2017/2018
E38000023,07Q,NHS Bromley CCG,Smokers,195,2017/2018
E38000024,00V,NHS Bury CCG,Maternities,2207,2017/2018
E38000024,00V,NHS Bury CCG,Non-smokers,1942,2017/2018
E38000024,00V,NHS Bury CCG,Not known,1,2017/2018
E38000024,00V,NHS Bury CCG,Smokers,264,2017/2018
E38000025,02T,NHS Calderdale CCG,Maternities,2345,2017/2018
E38000025,02T,NHS Calderdale CCG,Non-smokers,1984,2017/2018
E38000025,02T,NHS Calderdale CCG,Not known,52,2017/2018
E38000025,02T,NHS Calderdale CCG,Smokers,309,2017/2018
E38000026,06H,NHS Cambridgeshire And Peterborough CCG,Maternities,9881,2017/2018
E38000026,06H,NHS Cambridgeshire And Peterborough CCG,Non-smokers,8347,2017/2018
E38000026,06H,NHS Cambridgeshire And Peterborough CCG,Not known,452,2017/2018
E38000026,06H,NHS Cambridgeshire And Peterborough CCG,Smokers,1082,2017/2018
E38000027,07R,NHS Camden CCG,Maternities,2367,2017/2018
E38000027,07R,NHS Camden CCG,Non-smokers,2218,2017/2018
E38000027,07R,NHS Camden CCG,Not known,71,2017/2018
E38000027,07R,NHS Camden CCG,Smokers,78,2017/2018
E38000028,04Y,NHS Cannock Chase CCG,Maternities,1400,2017/2018
E38000028,04Y,NHS Cannock Chase CCG,Non-smokers,1158,2017/2018
E38000028,04Y,NHS Cannock Chase CCG,Not known,39,2017/2018
E38000028,04Y,NHS Cannock Chase CCG,Smokers,203,2017/2018
E38000029,09E,NHS Canterbury And Coastal CCG,Maternities,1818,2017/2018
E38000029,09E,NHS Canterbury And Coastal CCG,Non-smokers,1543,2017/2018
E38000029,09E,NHS Canterbury And Coastal CCG,Not known,2,2017/2018
E38000029,09E,NHS Canterbury And Coastal CCG,Smokers,273,2017/2018
E38000030,99F,NHS Castle Point And Rochford CCG,Maternities,1575,2017/2018
E38000030,99F,NHS Castle Point And Rochford CCG,Non-smokers,1426,2017/2018
E38000030,99F,NHS Castle Point And Rochford CCG,Not known,54,2017/2018
E38000030,99F,NHS Castle Point And Rochford CCG,Smokers,95,2017/2018
E38000031,09A,NHS Central London (Westminster) CCG,Maternities,1556,2017/2018
E38000031,09A,NHS Central London (Westminster) CCG,Non-smokers,1509,2017/2018
E38000031,09A,NHS Central London (Westminster) CCG,Not known,22,2017/2018
E38000031,09A,NHS Central London (Westminster) CCG,Smokers,25,2017/2018
E38000033,10H,NHS Chiltern CCG,Maternities,3221,2017/2018
E38000033,10H,NHS Chiltern CCG,Non-smokers,2995,2017/2018
E38000033,10H,NHS Chiltern CCG,Not known,3,2017/2018
E38000033,10H,NHS Chiltern CCG,Smokers,223,2017/2018
E38000034,00X,NHS Chorley And South Ribble CCG,Maternities,1755,2017/2018
E38000034,00X,NHS Chorley And South Ribble CCG,Non-smokers,1573,2017/2018
E38000034,00X,NHS Chorley And South Ribble CCG,Not known,0,2017/2018
E38000034,00X,NHS Chorley And South Ribble CCG,Smokers,182,2017/2018
E38000035,07T,NHS City And Hackney CCG,Maternities,4483,2017/2018
E38000035,07T,NHS City And Hackney CCG,Non-smokers,4210,2017/2018
E38000035,07T,NHS City And Hackney CCG,Not known,52,2017/2018
E38000035,07T,NHS City And Hackney CCG,Smokers,221,2017/2018
E38000037,03V,NHS Corby CCG,Maternities,869,2017/2018
E38000037,03V,NHS Corby CCG,Non-smokers,718,2017/2018
E38000037,03V,NHS Corby CCG,Not known,1,2017/2018
E38000037,03V,NHS Corby CCG,Smokers,150,2017/2018
E38000038,05A,NHS Coventry And Rugby CCG,Maternities,5516,2017/2018
E38000038,05A,NHS Coventry And Rugby CCG,Non-smokers,4794,2017/2018
E38000038,05A,NHS Coventry And Rugby CCG,Not known,83,2017/2018
E38000038,05A,NHS Coventry And Rugby CCG,Smokers,639,2017/2018
E38000039,09H,NHS Crawley CCG,Maternities,1630,2017/2018
E38000039,09H,NHS Crawley CCG,Non-smokers,1502,2017/2018
E38000039,09H,NHS Crawley CCG,Not known,9,2017/2018
E38000039,09H,NHS Crawley CCG,Smokers,119,2017/2018
E38000040,07V,NHS Croydon CCG,Maternities,5239,2017/2018
E38000040,07V,NHS Croydon CCG,Non-smokers,4856,2017/2018
E38000040,07V,NHS Croydon CCG,Not known,26,2017/2018
E38000040,07V,NHS Croydon CCG,Smokers,357,2017/2018
E38000042,00C,NHS Darlington CCG,Maternities,1100,2017/2018
E38000042,00C,NHS Darlington CCG,Non-smokers,913,2017/2018
E38000042,00C,NHS Darlington CCG,Not known,11,2017/2018
E38000042,00C,NHS Darlington CCG,Smokers,176,2017/2018
E38000043,09J,"NHS Dartford, Gravesham And Swanley CCG",Maternities,3030,2017/2018
E38000043,09J,"NHS Dartford, Gravesham And Swanley CCG",Non-smokers,2686,2017/2018
E38000043,09J,"NHS Dartford, Gravesham And Swanley CCG",Not known,0,2017/2018
E38000043,09J,"NHS Dartford, Gravesham And Swanley CCG",Smokers,344,2017/2018
E38000044,02X,NHS Doncaster CCG,Maternities,3172,2017/2018
E38000044,02X,NHS Doncaster CCG,Non-smokers,2605,2017/2018
E38000044,02X,NHS Doncaster CCG,Not known,85,2017/2018
E38000044,02X,NHS Doncaster CCG,Smokers,482,2017/2018
E38000045,11J,NHS Dorset CCG,Maternities,6830,2017/2018
E38000045,11J,NHS Dorset CCG,Non-smokers,6005,2017/2018
E38000045,11J,NHS Dorset CCG,Not known,130,2017/2018
E38000045,11J,NHS Dorset CCG,Smokers,695,2017/2018
E38000046,05C,NHS Dudley CCG,Maternities,3398,2017/2018
E38000046,05C,NHS Dudley CCG,Non-smokers,2905,2017/2018
E38000046,05C,NHS Dudley CCG,Not known,5,2017/2018
E38000046,05C,NHS Dudley CCG,Smokers,488,2017/2018
E38000047,00D,"NHS Durham Dales, Easington And Sedgefield CCG",Maternities,2758,2017/2018
E38000047,00D,"NHS Durham Dales, Easington And Sedgefield CCG",Non-smokers,2124,2017/2018
E38000047,00D,"NHS Durham Dales, Easington And Sedgefield CCG",Not known,38,2017/2018
E38000047,00D,"NHS Durham Dales, Easington And Sedgefield CCG",Smokers,596,2017/2018
E38000048,07W,NHS Ealing CCG,Maternities,4889,2017/2018
E38000048,07W,NHS Ealing CCG,Non-smokers,4711,2017/2018
E38000048,07W,NHS Ealing CCG,Not known,10,2017/2018
E38000048,07W,NHS Ealing CCG,Smokers,168,2017/2018
E38000049,06K,NHS East And North Hertfordshire CCG,Maternities,5205,2017/2018
E38000049,06K,NHS East And North Hertfordshire CCG,Non-smokers,4716,2017/2018
E38000049,06K,NHS East And North Hertfordshire CCG,Not known,40,2017/2018
E38000049,06K,NHS East And North Hertfordshire CCG,Smokers,449,2017/2018
E38000050,01A,NHS East Lancashire CCG,Maternities,4156,2017/2018
E38000050,01A,NHS East Lancashire CCG,Non-smokers,3499,2017/2018
E38000050,01A,NHS East Lancashire CCG,Not known,31,2017/2018
E38000050,01A,NHS East Lancashire CCG,Smokers,626,2017/2018
E38000051,03W,NHS East Leicestershire And Rutland CCG,Maternities,2503,2017/2018
E38000051,03W,NHS East Leicestershire And Rutland CCG,Non-smokers,2300,2017/2018
E38000051,03W,NHS East Leicestershire And Rutland CCG,Not known,0,2017/2018
E38000051,03W,NHS East Leicestershire And Rutland CCG,Smokers,203,2017/2018
E38000052,02Y,NHS East Riding Of Yorkshire CCG,Maternities,2331,2017/2018
E38000052,02Y,NHS East Riding Of Yorkshire CCG,Non-smokers,1441,2017/2018
E38000052,02Y,NHS East Riding Of Yorkshire CCG,Not known,650,2017/2018
E38000052,02Y,NHS East Riding Of Yorkshire CCG,Smokers,240,2017/2018
E38000053,05D,NHS East Staffordshire CCG,Maternities,1394,2017/2018
E38000053,05D,NHS East Staffordshire CCG,Non-smokers,1238,2017/2018
E38000053,05D,NHS East Staffordshire CCG,Not known,1,2017/2018
E38000053,05D,NHS East Staffordshire CCG,Smokers,155,2017/2018
E38000054,09L,NHS East Surrey CCG,Maternities,1940,2017/2018
E38000054,09L,NHS East Surrey CCG,Non-smokers,1777,2017/2018
E38000054,09L,NHS East Surrey CCG,Not known,13,2017/2018
E38000054,09L,NHS East Surrey CCG,Smokers,150,2017/2018
E38000055,09F,"NHS Eastbourne, Hailsham And Seaford CCG",Maternities,869,2017/2018
E38000055,09F,"NHS Eastbourne, Hailsham And Seaford CCG",Non-smokers,766,2017/2018
E38000055,09F,"NHS Eastbourne, Hailsham And Seaford CCG",Not known,8,2017/2018
E38000055,09F,"NHS Eastbourne, Hailsham And Seaford CCG",Smokers,95,2017/2018
E38000056,01C,NHS Eastern Cheshire CCG,Maternities,1877,2017/2018
E38000056,01C,NHS Eastern Cheshire CCG,Non-smokers,1742,2017/2018
E38000056,01C,NHS Eastern Cheshire CCG,Not known,0,2017/2018
E38000056,01C,NHS Eastern Cheshire CCG,Smokers,135,2017/2018
E38000057,07X,NHS Enfield CCG,Maternities,4315,2017/2018
E38000057,07X,NHS Enfield CCG,Non-smokers,3953,2017/2018
E38000057,07X,NHS Enfield CCG,Not known,42,2017/2018
E38000057,07X,NHS Enfield CCG,Smokers,320,2017/2018
E38000058,03X,NHS Erewash CCG,Maternities,952,2017/2018
E38000058,03X,NHS Erewash CCG,Non-smokers,763,2017/2018
E38000058,03X,NHS Erewash CCG,Not known,17,2017/2018
E38000058,03X,NHS Erewash CCG,Smokers,172,2017/2018
E38000059,10K,NHS Fareham And Gosport CCG,Maternities,1937,2017/2018
E38000059,10K,NHS Fareham And Gosport CCG,Non-smokers,1656,2017/2018
E38000059,10K,NHS Fareham And Gosport CCG,Not known,75,2017/2018
E38000059,10K,NHS Fareham And Gosport CCG,Smokers,206,2017/2018
E38000062,11M,NHS Gloucestershire CCG,Maternities,3403,2017/2018
E38000062,11M,NHS Gloucestershire CCG,Non-smokers,3030,2017/2018
E38000062,11M,NHS Gloucestershire CCG,Not known,1,2017/2018
E38000062,11M,NHS Gloucestershire CCG,Smokers,372,2017/2018
E38000063,06M,NHS Great Yarmouth And Waveney CCG,Maternities,2243,2017/2018
E38000063,06M,NHS Great Yarmouth And Waveney CCG,Non-smokers,1821,2017/2018
E38000063,06M,NHS Great Yarmouth And Waveney CCG,Not known,1,2017/2018
E38000063,06M,NHS Great Yarmouth And Waveney CCG,Smokers,421,2017/2018
E38000064,03A,NHS Greater Huddersfield CCG,Maternities,2342,2017/2018
E38000064,03A,NHS Greater Huddersfield CCG,Non-smokers,2004,2017/2018
E38000064,03A,NHS Greater Huddersfield CCG,Not known,62,2017/2018
E38000064,03A,NHS Greater Huddersfield CCG,Smokers,276,2017/2018
E38000066,08A,NHS Greenwich CCG,Maternities,4238,2017/2018
E38000066,08A,NHS Greenwich CCG,Non-smokers,3804,2017/2018
E38000066,08A,NHS Greenwich CCG,Not known,69,2017/2018
E38000066,08A,NHS Greenwich CCG,Smokers,365,2017/2018
E38000068,01F,NHS Halton CCG,Maternities,1343,2017/2018
E38000068,01F,NHS Halton CCG,Non-smokers,1084,2017/2018
E38000068,01F,NHS Halton CCG,Not known,35,2017/2018
E38000068,01F,NHS Halton CCG,Smokers,224,2017/2018
E38000069,03D,"NHS Hambleton, Richmondshire And Whitby CCG",Maternities,1214,2017/2018
E38000069,03D,"NHS Hambleton, Richmondshire And Whitby CCG",Non-smokers,1091,2017/2018
E38000069,03D,"NHS Hambleton, Richmondshire And Whitby CCG",Not known,6,2017/2018
E38000069,03D,"NHS Hambleton, Richmondshire And Whitby CCG",Smokers,117,2017/2018
E38000070,08C,NHS Hammersmith And Fulham CCG,Maternities,2114,2017/2018
E38000070,08C,NHS Hammersmith And Fulham CCG,Non-smokers,2048,2017/2018
E38000070,08C,NHS Hammersmith And Fulham CCG,Not known,5,2017/2018
E38000070,08C,NHS Hammersmith And Fulham CCG,Smokers,61,2017/2018
E38000071,03Y,NHS Hardwick CCG,Maternities,983,2017/2018
E38000071,03Y,NHS Hardwick CCG,Non-smokers,755,2017/2018
E38000071,03Y,NHS Hardwick CCG,Not known,41,2017/2018
E38000071,03Y,NHS Hardwick CCG,Smokers,187,2017/2018
E38000072,08D,NHS Haringey CCG,Maternities,3920,2017/2018
E38000072,08D,NHS Haringey CCG,Non-smokers,3637,2017/2018
E38000072,08D,NHS Haringey CCG,Not known,49,2017/2018
E38000072,08D,NHS Haringey CCG,Smokers,234,2017/2018
E38000073,03E,NHS Harrogate And Rural District CCG,Maternities,1338,2017/2018
E38000073,03E,NHS Harrogate And Rural District CCG,Non-smokers,1172,2017/2018
E38000073,03E,NHS Harrogate And Rural District CCG,Not known,30,2017/2018
E38000073,03E,NHS Harrogate And Rural District CCG,Smokers,136,2017/2018
E38000074,08E,NHS Harrow CCG,Maternities,3120,2017/2018
E38000074,08E,NHS Harrow CCG,Non-smokers,3006,2017/2018
E38000074,08E,NHS Harrow CCG,Not known,7,2017/2018
E38000074,08E,NHS Harrow CCG,Smokers,107,2017/2018
E38000075,00K,NHS Hartlepool And Stockton-On-Tees CCG,Maternities,2928,2017/2018
E38000075,00K,NHS Hartlepool And Stockton-On-Tees CCG,Non-smokers,2316,2017/2018
E38000075,00K,NHS Hartlepool And Stockton-On-Tees CCG,Not known,138,2017/2018
E38000075,00K,NHS Hartlepool And Stockton-On-Tees CCG,Smokers,474,2017/2018
E38000076,09P,NHS Hastings And Rother CCG,Maternities,2563,2017/2018
E38000076,09P,NHS Hastings And Rother CCG,Non-smokers,2173,2017/2018
E38000076,09P,NHS Hastings And Rother CCG,Not known,5,2017/2018
E38000076,09P,NHS Hastings And Rother CCG,Smokers,385,2017/2018
E38000077,08F,NHS Havering CCG,Maternities,3177,2017/2018
E38000077,08F,NHS Havering CCG,Non-smokers,2948,2017/2018
E38000077,08F,NHS Havering CCG,Not known,1,2017/2018
E38000077,08F,NHS Havering CCG,Smokers,228,2017/2018
E38000078,05F,NHS Herefordshire CCG,Maternities,1767,2017/2018
E38000078,05F,NHS Herefordshire CCG,Non-smokers,1443,2017/2018
E38000078,05F,NHS Herefordshire CCG,Not known,88,2017/2018
E38000078,05F,NHS Herefordshire CCG,Smokers,236,2017/2018
E38000079,06N,NHS Herts Valleys CCG,Maternities,6829,2017/2018
E38000079,06N,NHS Herts Valleys CCG,Non-smokers,6410,2017/2018
E38000079,06N,NHS Herts Valleys CCG,Not known,25,2017/2018
E38000079,06N,NHS Herts Valleys CCG,Smokers,394,2017/2018
E38000080,01D,"NHS Heywood, Middleton And Rochdale CCG",Maternities,2788,2017/2018
E38000080,01D,"NHS Heywood, Middleton And Rochdale CCG",Non-smokers,2344,2017/2018
E38000080,01D,"NHS Heywood, Middleton And Rochdale CCG",Not known,0,2017/2018
E38000080,01D,"NHS Heywood, Middleton And Rochdale CCG",Smokers,444,2017/2018
E38000081,99K,NHS High Weald Lewes Havens CCG,Maternities,1326,2017/2018
E38000081,99K,NHS High Weald Lewes Havens CCG,Non-smokers,1222,2017/2018
E38000081,99K,NHS High Weald Lewes Havens CCG,Not known,26,2017/2018
E38000081,99K,NHS High Weald Lewes Havens CCG,Smokers,78,2017/2018
E38000082,08G,NHS Hillingdon CCG,Maternities,3719,2017/2018
E38000082,08G,NHS Hillingdon CCG,Non-smokers,3475,2017/2018
E38000082,08G,NHS Hillingdon CCG,Not known,3,2017/2018
E38000082,08G,NHS Hillingdon CCG,Smokers,241,2017/2018
E38000083,09X,NHS Horsham And Mid Sussex CCG,Maternities,2392,2017/2018
E38000083,09X,NHS Horsham And Mid Sussex CCG,Non-smokers,2229,2017/2018
E38000083,09X,NHS Horsham And Mid Sussex CCG,Not known,53,2017/2018
E38000083,09X,NHS Horsham And Mid Sussex CCG,Smokers,110,2017/2018
E38000084,07Y,NHS Hounslow CCG,Maternities,3721,2017/2018
E38000084,07Y,NHS Hounslow CCG,Non-smokers,3491,2017/2018
E38000084,07Y,NHS Hounslow CCG,Not known,14,2017/2018
E38000084,07Y,NHS Hounslow CCG,Smokers,216,2017/2018
E38000085,03F,NHS Hull CCG,Maternities,3482,2017/2018
E38000085,03F,NHS Hull CCG,Non-smokers,1682,2017/2018
E38000085,03F,NHS Hull CCG,Not known,1369,2017/2018
E38000085,03F,NHS Hull CCG,Smokers,431,2017/2018
E38000086,06L,NHS Ipswich And East Suffolk CCG,Maternities,3867,2017/2018
E38000086,06L,NHS Ipswich And East Suffolk CCG,Non-smokers,3513,2017/2018
E38000086,06L,NHS Ipswich And East Suffolk CCG,Not known,72,2017/2018
E38000086,06L,NHS Ipswich And East Suffolk CCG,Smokers,282,2017/2018
E38000087,10L,NHS Isle Of Wight CCG,Maternities,1174,2017/2018
E38000087,10L,NHS Isle Of Wight CCG,Non-smokers,1002,2017/2018
E38000087,10L,NHS Isle Of Wight CCG,Not known,2,2017/2018
E38000087,10L,NHS Isle Of Wight CCG,Smokers,170,2017/2018
E38000088,08H,NHS Islington CCG,Maternities,2927,2017/2018
E38000088,08H,NHS Islington CCG,Non-smokers,2712,2017/2018
E38000088,08H,NHS Islington CCG,Not known,66,2017/2018
E38000088,08H,NHS Islington CCG,Smokers,149,2017/2018
E38000089,11N,NHS Kernow CCG,Maternities,4980,2017/2018
E38000089,11N,NHS Kernow CCG,Non-smokers,4216,2017/2018
E38000089,11N,NHS Kernow CCG,Not known,104,2017/2018
E38000089,11N,NHS Kernow CCG,Smokers,660,2017/2018
E38000090,08J,NHS Kingston CCG,Maternities,2272,2017/2018
E38000090,08J,NHS Kingston CCG,Non-smokers,2167,2017/2018
E38000090,08J,NHS Kingston CCG,Not known,1,2017/2018
E38000090,08J,NHS Kingston CCG,Smokers,104,2017/2018
E38000091,01J,NHS Knowsley CCG,Maternities,2040,2017/2018
E38000091,01J,NHS Knowsley CCG,Non-smokers,1670,2017/2018
E38000091,01J,NHS Knowsley CCG,Not known,27,2017/2018
E38000091,01J,NHS Knowsley CCG,Smokers,343,2017/2018
E38000092,08K,NHS Lambeth CCG,Maternities,4423,2017/2018
E38000092,08K,NHS Lambeth CCG,Non-smokers,4179,2017/2018
E38000092,08K,NHS Lambeth CCG,Not known,89,2017/2018
E38000092,08K,NHS Lambeth CCG,Smokers,155,2017/2018
E38000094,02V,NHS Leeds North CCG,Maternities,2420,2017/2018
E38000094,02V,NHS Leeds North CCG,Non-smokers,2209,2017/2018
E38000094,02V,NHS Leeds North CCG,Not known,72,2017/2018
E38000094,02V,NHS Leeds North CCG,Smokers,139,2017/2018
E38000095,03G,NHS Leeds South And East CCG,Maternities,3629,2017/2018
E38000095,03G,NHS Leeds South And East CCG,Non-smokers,3005,2017/2018
E38000095,03G,NHS Leeds South And East CCG,Not known,143,2017/2018
E38000095,03G,NHS Leeds South And East CCG,Smokers,481,2017/2018
E38000096,03C,NHS Leeds West CCG,Maternities,3690,2017/2018
E38000096,03C,NHS Leeds West CCG,Non-smokers,3201,2017/2018
E38000096,03C,NHS Leeds West CCG,Not known,125,2017/2018
E38000096,03C,NHS Leeds West CCG,Smokers,364,2017/2018
E38000097,04C,NHS Leicester City CCG,Maternities,4929,2017/2018
E38000097,04C,NHS Leicester City CCG,Non-smokers,4356,2017/2018
E38000097,04C,NHS Leicester City CCG,Not known,0,2017/2018
E38000097,04C,NHS Leicester City CCG,Smokers,573,2017/2018
E38000098,08L,NHS Lewisham CCG,Maternities,4601,2017/2018
E38000098,08L,NHS Lewisham CCG,Non-smokers,4035,2017/2018
E38000098,08L,NHS Lewisham CCG,Not known,336,2017/2018
E38000098,08L,NHS Lewisham CCG,Smokers,230,2017/2018
E38000099,03T,NHS Lincolnshire East CCG,Maternities,2148,2017/2018
E38000099,03T,NHS Lincolnshire East CCG,Non-smokers,1593,2017/2018
E38000099,03T,NHS Lincolnshire East CCG,Not known,176,2017/2018
E38000099,03T,NHS Lincolnshire East CCG,Smokers,379,2017/2018
E38000100,04D,NHS Lincolnshire West CCG,Maternities,2264,2017/2018
E38000100,04D,NHS Lincolnshire West CCG,Non-smokers,1776,2017/2018
E38000100,04D,NHS Lincolnshire West CCG,Not known,141,2017/2018
E38000100,04D,NHS Lincolnshire West CCG,Smokers,347,2017/2018
E38000101,99A,NHS Liverpool CCG,Maternities,5832,2017/2018
E38000101,99A,NHS Liverpool CCG,Non-smokers,5023,2017/2018
E38000101,99A,NHS Liverpool CCG,Not known,14,2017/2018
E38000101,99A,NHS Liverpool CCG,Smokers,795,2017/2018
E38000102,06P,NHS Luton CCG,Maternities,3226,2017/2018
E38000102,06P,NHS Luton CCG,Non-smokers,2840,2017/2018
E38000102,06P,NHS Luton CCG,Not known,18,2017/2018
E38000102,06P,NHS Luton CCG,Smokers,368,2017/2018
E38000103,04E,NHS Mansfield And Ashfield CCG,Maternities,2109,2017/2018
E38000103,04E,NHS Mansfield And Ashfield CCG,Non-smokers,1645,2017/2018
E38000103,04E,NHS Mansfield And Ashfield CCG,Not known,4,2017/2018
E38000103,04E,NHS Mansfield And Ashfield CCG,Smokers,460,2017/2018
E38000104,09W,NHS Medway CCG,Maternities,3592,2017/2018
E38000104,09W,NHS Medway CCG,Non-smokers,2966,2017/2018
E38000104,09W,NHS Medway CCG,Not known,2,2017/2018
E38000104,09W,NHS Medway CCG,Smokers,624,2017/2018
E38000105,08R,NHS Merton CCG,Maternities,2611,2017/2018
E38000105,08R,NHS Merton CCG,Non-smokers,2498,2017/2018
E38000105,08R,NHS Merton CCG,Not known,12,2017/2018
E38000105,08R,NHS Merton CCG,Smokers,101,2017/2018
E38000106,06Q,NHS Mid Essex CCG,Maternities,3986,2017/2018
E38000106,06Q,NHS Mid Essex CCG,Non-smokers,2758,2017/2018
E38000106,06Q,NHS Mid Essex CCG,Not known,996,2017/2018
E38000106,06Q,NHS Mid Essex CCG,Smokers,232,2017/2018
E38000107,04F,NHS Milton Keynes CCG,Maternities,3072,2017/2018
E38000107,04F,NHS Milton Keynes CCG,Non-smokers,2708,2017/2018
E38000107,04F,NHS Milton Keynes CCG,Not known,3,2017/2018
E38000107,04F,NHS Milton Keynes CCG,Smokers,361,2017/2018
E38000108,04G,NHS Nene CCG,Maternities,7186,2017/2018
E38000108,04G,NHS Nene CCG,Non-smokers,6258,2017/2018
E38000108,04G,NHS Nene CCG,Not known,20,2017/2018
E38000108,04G,NHS Nene CCG,Smokers,908,2017/2018
E38000109,04H,NHS Newark And Sherwood CCG,Maternities,1141,2017/2018
E38000109,04H,NHS Newark And Sherwood CCG,Non-smokers,943,2017/2018
E38000109,04H,NHS Newark And Sherwood CCG,Not known,7,2017/2018
E38000109,04H,NHS Newark And Sherwood CCG,Smokers,191,2017/2018
E38000110,10M,NHS Newbury And District CCG,Maternities,1153,2017/2018
E38000110,10M,NHS Newbury And District CCG,Non-smokers,1068,2017/2018
E38000110,10M,NHS Newbury And District CCG,Not known,0,2017/2018
E38000110,10M,NHS Newbury And District CCG,Smokers,85,2017/2018
E38000113,08M,NHS Newham CCG,Maternities,5993,2017/2018
E38000113,08M,NHS Newham CCG,Non-smokers,5527,2017/2018
E38000113,08M,NHS Newham CCG,Not known,173,2017/2018
E38000113,08M,NHS Newham CCG,Smokers,293,2017/2018
E38000114,10N,NHS North And West Reading CCG,Maternities,1129,2017/2018
E38000114,10N,NHS North And West Reading CCG,Non-smokers,1063,2017/2018
E38000114,10N,NHS North And West Reading CCG,Not known,0,2017/2018
E38000114,10N,NHS North And West Reading CCG,Smokers,66,2017/2018
E38000115,04J,NHS North Derbyshire CCG,Maternities,2448,2017/2018
E38000115,04J,NHS North Derbyshire CCG,Non-smokers,2070,2017/2018
E38000115,04J,NHS North Derbyshire CCG,Not known,105,2017/2018
E38000115,04J,NHS North Derbyshire CCG,Smokers,273,2017/2018
E38000116,00J,NHS North Durham CCG,Maternities,2199,2017/2018
E38000116,00J,NHS North Durham CCG,Non-smokers,1890,2017/2018
E38000116,00J,NHS North Durham CCG,Not known,11,2017/2018
E38000116,00J,NHS North Durham CCG,Smokers,298,2017/2018
E38000117,06T,NHS North East Essex CCG,Maternities,3428,2017/2018
E38000117,06T,NHS North East Essex CCG,Non-smokers,2889,2017/2018
E38000117,06T,NHS North East Essex CCG,Not known,41,2017/2018
E38000117,06T,NHS North East Essex CCG,Smokers,498,2017/2018
E38000118,99M,NHS North East Hampshire And Farnham CCG,Maternities,2361,2017/2018
E38000118,99M,NHS North East Hampshire And Farnham CCG,Non-smokers,2188,2017/2018
E38000118,99M,NHS North East Hampshire And Farnham CCG,Not known,2,2017/2018
E38000118,99M,NHS North East Hampshire And Farnham CCG,Smokers,171,2017/2018
E38000119,03H,NHS North East Lincolnshire CCG,Maternities,1766,2017/2018
E38000119,03H,NHS North East Lincolnshire CCG,Non-smokers,1376,2017/2018
E38000119,03H,NHS North East Lincolnshire CCG,Not known,0,2017/2018
E38000119,03H,NHS North East Lincolnshire CCG,Smokers,390,2017/2018
E38000120,10J,NHS North Hampshire CCG,Maternities,2313,2017/2018
E38000120,10J,NHS North Hampshire CCG,Non-smokers,2125,2017/2018
E38000120,10J,NHS North Hampshire CCG,Not known,1,2017/2018
E38000120,10J,NHS North Hampshire CCG,Smokers,187,2017/2018
E38000121,03J,NHS North Kirklees CCG,Maternities,2450,2017/2018
E38000121,03J,NHS North Kirklees CCG,Non-smokers,2115,2017/2018
E38000121,03J,NHS North Kirklees CCG,Not known,16,2017/2018
E38000121,03J,NHS North Kirklees CCG,Smokers,319,2017/2018
E38000122,03K,NHS North Lincolnshire CCG,Maternities,1589,2017/2018
E38000122,03K,NHS North Lincolnshire CCG,Non-smokers,1265,2017/2018
E38000122,03K,NHS North Lincolnshire CCG,Not known,23,2017/2018
E38000122,03K,NHS North Lincolnshire CCG,Smokers,301,2017/2018
E38000124,06V,NHS North Norfolk CCG,Maternities,1290,2017/2018
E38000124,06V,NHS North Norfolk CCG,Non-smokers,1149,2017/2018
E38000124,06V,NHS North Norfolk CCG,Not known,0,2017/2018
E38000124,06V,NHS North Norfolk CCG,Smokers,141,2017/2018
E38000125,11T,NHS North Somerset CCG,Maternities,2464,2017/2018
E38000125,11T,NHS North Somerset CCG,Non-smokers,2196,2017/2018
E38000125,11T,NHS North Somerset CCG,Not known,0,2017/2018
E38000125,11T,NHS North Somerset CCG,Smokers,268,2017/2018
E38000126,05G,NHS North Staffordshire CCG,Maternities,1801,2017/2018
E38000126,05G,NHS North Staffordshire CCG,Non-smokers,1514,2017/2018
E38000126,05G,NHS North Staffordshire CCG,Not known,31,2017/2018
E38000126,05G,NHS North Staffordshire CCG,Smokers,256,2017/2018
E38000127,99C,NHS North Tyneside CCG,Maternities,2204,2017/2018
E38000127,99C,NHS North Tyneside CCG,Non-smokers,1953,2017/2018
E38000127,99C,NHS North Tyneside CCG,Not known,3,2017/2018
E38000127,99C,NHS North Tyneside CCG,Smokers,248,2017/2018
E38000128,09Y,NHS North West Surrey CCG,Maternities,3499,2017/2018
E38000128,09Y,NHS North West Surrey CCG,Non-smokers,3090,2017/2018
E38000128,09Y,NHS North West Surrey CCG,Not known,200,2017/2018
E38000128,09Y,NHS North West Surrey CCG,Smokers,209,2017/2018
E38000129,99P,"NHS Northern, Eastern And Western Devon CCG",Maternities,8207,2017/2018
E38000129,99P,"NHS Northern, Eastern And Western Devon CCG",Non-smokers,7097,2017/2018
E38000129,99P,"NHS Northern, Eastern And Western Devon CCG",Not known,242,2017/2018
E38000129,99P,"NHS Northern, Eastern And Western Devon CCG",Smokers,868,2017/2018
E38000130,00L,NHS Northumberland CCG,Maternities,2663,2017/2018
E38000130,00L,NHS Northumberland CCG,Non-smokers,2288,2017/2018
E38000130,00L,NHS Northumberland CCG,Not known,22,2017/2018
E38000130,00L,NHS Northumberland CCG,Smokers,353,2017/2018
E38000132,04K,NHS Nottingham City CCG,Maternities,4185,2017/2018
E38000132,04K,NHS Nottingham City CCG,Non-smokers,3433,2017/2018
E38000132,04K,NHS Nottingham City CCG,Not known,41,2017/2018
E38000132,04K,NHS Nottingham City CCG,Smokers,711,2017/2018
E38000133,04L,NHS Nottingham North And East CCG,Maternities,1526,2017/2018
E38000133,04L,NHS Nottingham North And East CCG,Non-smokers,1331,2017/2018
E38000133,04L,NHS Nottingham North And East CCG,Not known,7,2017/2018
E38000133,04L,NHS Nottingham North And East CCG,Smokers,188,2017/2018
E38000134,04M,NHS Nottingham West CCG,Maternities,871,2017/2018
E38000134,04M,NHS Nottingham West CCG,Non-smokers,767,2017/2018
E38000134,04M,NHS Nottingham West CCG,Not known,7,2017/2018
E38000134,04M,NHS Nottingham West CCG,Smokers,97,2017/2018
E38000135,00Y,NHS Oldham CCG,Maternities,3223,2017/2018
E38000135,00Y,NHS Oldham CCG,Non-smokers,2769,2017/2018
E38000135,00Y,NHS Oldham CCG,Not known,1,2017/2018
E38000135,00Y,NHS Oldham CCG,Smokers,453,2017/2018
E38000136,10Q,NHS Oxfordshire CCG,Maternities,6473,2017/2018
E38000136,10Q,NHS Oxfordshire CCG,Non-smokers,5940,2017/2018
E38000136,10Q,NHS Oxfordshire CCG,Not known,37,2017/2018
E38000136,10Q,NHS Oxfordshire CCG,Smokers,496,2017/2018
E38000137,10R,NHS Portsmouth CCG,Maternities,2423,2017/2018
E38000137,10R,NHS Portsmouth CCG,Non-smokers,2037,2017/2018
E38000137,10R,NHS Portsmouth CCG,Not known,91,2017/2018
E38000137,10R,NHS Portsmouth CCG,Smokers,295,2017/2018
E38000138,08N,NHS Redbridge CCG,Maternities,4311,2017/2018
E38000138,08N,NHS Redbridge CCG,Non-smokers,4082,2017/2018
E38000138,08N,NHS Redbridge CCG,Not known,79,2017/2018
E38000138,08N,NHS Redbridge CCG,Smokers,150,2017/2018
E38000139,05J,NHS Redditch And Bromsgrove CCG,Maternities,1422,2017/2018
E38000139,05J,NHS Redditch And Bromsgrove CCG,Non-smokers,1225,2017/2018
E38000139,05J,NHS Redditch And Bromsgrove CCG,Not known,31,2017/2018
E38000139,05J,NHS Redditch And Bromsgrove CCG,Smokers,166,2017/2018
E38000140,08P,NHS Richmond CCG,Maternities,2116,2017/2018
E38000140,08P,NHS Richmond CCG,Non-smokers,2030,2017/2018
E38000140,08P,NHS Richmond CCG,Not known,4,2017/2018
E38000140,08P,NHS Richmond CCG,Smokers,82,2017/2018
E38000141,03L,NHS Rotherham CCG,Maternities,2619,2017/2018
E38000141,03L,NHS Rotherham CCG,Non-smokers,2098,2017/2018
E38000141,03L,NHS Rotherham CCG,Not known,0,2017/2018
E38000141,03L,NHS Rotherham CCG,Smokers,521,2017/2018
E38000142,04N,NHS Rushcliffe CCG,Maternities,1126,2017/2018
E38000142,04N,NHS Rushcliffe CCG,Non-smokers,1052,2017/2018
E38000142,04N,NHS Rushcliffe CCG,Not known,10,2017/2018
E38000142,04N,NHS Rushcliffe CCG,Smokers,64,2017/2018
E38000143,01G,NHS Salford CCG,Maternities,3442,2017/2018
E38000143,01G,NHS Salford CCG,Non-smokers,3011,2017/2018
E38000143,01G,NHS Salford CCG,Not known,5,2017/2018
E38000143,01G,NHS Salford CCG,Smokers,426,2017/2018
E38000144,05L,NHS Sandwell And West Birmingham CCG,Maternities,7685,2017/2018
E38000144,05L,NHS Sandwell And West Birmingham CCG,Non-smokers,6831,2017/2018
E38000144,05L,NHS Sandwell And West Birmingham CCG,Not known,110,2017/2018
E38000144,05L,NHS Sandwell And West Birmingham CCG,Smokers,744,2017/2018
E38000145,03M,NHS Scarborough And Ryedale CCG,Maternities,1041,2017/2018
E38000145,03M,NHS Scarborough And Ryedale CCG,Non-smokers,858,2017/2018
E38000145,03M,NHS Scarborough And Ryedale CCG,Not known,7,2017/2018
E38000145,03M,NHS Scarborough And Ryedale CCG,Smokers,176,2017/2018
E38000146,03N,NHS Sheffield CCG,Maternities,5883,2017/2018
E38000146,03N,NHS Sheffield CCG,Non-smokers,5175,2017/2018
E38000146,03N,NHS Sheffield CCG,Not known,0,2017/2018
E38000146,03N,NHS Sheffield CCG,Smokers,708,2017/2018
E38000147,05N,NHS Shropshire CCG,Maternities,2215,2017/2018
E38000147,05N,NHS Shropshire CCG,Non-smokers,1924,2017/2018
E38000147,05N,NHS Shropshire CCG,Not known,2,2017/2018
E38000147,05N,NHS Shropshire CCG,Smokers,289,2017/2018
E38000148,10T,NHS Slough CCG,Maternities,2268,2017/2018
E38000148,10T,NHS Slough CCG,Non-smokers,2107,2017/2018
E38000148,10T,NHS Slough CCG,Not known,2,2017/2018
E38000148,10T,NHS Slough CCG,Smokers,159,2017/2018
E38000149,05P,NHS Solihull CCG,Maternities,2669,2017/2018
E38000149,05P,NHS Solihull CCG,Non-smokers,2283,2017/2018
E38000149,05P,NHS Solihull CCG,Not known,112,2017/2018
E38000149,05P,NHS Solihull CCG,Smokers,274,2017/2018
E38000150,11X,NHS Somerset CCG,Maternities,5496,2017/2018
E38000150,11X,NHS Somerset CCG,Non-smokers,4848,2017/2018
E38000150,11X,NHS Somerset CCG,Not known,14,2017/2018
E38000150,11X,NHS Somerset CCG,Smokers,634,2017/2018
E38000151,01R,NHS South Cheshire CCG,Maternities,1828,2017/2018
E38000151,01R,NHS South Cheshire CCG,Non-smokers,1523,2017/2018
E38000151,01R,NHS South Cheshire CCG,Not known,19,2017/2018
E38000151,01R,NHS South Cheshire CCG,Smokers,286,2017/2018
E38000152,99Q,NHS South Devon And Torbay CCG,Maternities,2371,2017/2018
E38000152,99Q,NHS South Devon And Torbay CCG,Non-smokers,2018,2017/2018
E38000152,99Q,NHS South Devon And Torbay CCG,Not known,10,2017/2018
E38000152,99Q,NHS South Devon And Torbay CCG,Smokers,343,2017/2018
E38000153,05Q,NHS South East Staffordshire And Seisdon Peninsula CCG,Maternities,1956,2017/2018
E38000153,05Q,NHS South East Staffordshire And Seisdon Peninsula CCG,Non-smokers,1675,2017/2018
E38000153,05Q,NHS South East Staffordshire And Seisdon Peninsula CCG,Not known,32,2017/2018
E38000153,05Q,NHS South East Staffordshire And Seisdon Peninsula CCG,Smokers,249,2017/2018
E38000154,10V,NHS South Eastern Hampshire CCG,Maternities,2027,2017/2018
E38000154,10V,NHS South Eastern Hampshire CCG,Non-smokers,1727,2017/2018
E38000154,10V,NHS South Eastern Hampshire CCG,Not known,58,2017/2018
E38000154,10V,NHS South Eastern Hampshire CCG,Smokers,242,2017/2018
E38000155,12A,NHS South Gloucestershire CCG,Maternities,3274,2017/2018
E38000155,12A,NHS South Gloucestershire CCG,Non-smokers,2991,2017/2018
E38000155,12A,NHS South Gloucestershire CCG,Not known,4,2017/2018
E38000155,12A,NHS South Gloucestershire CCG,Smokers,279,2017/2018
E38000156,10A,NHS South Kent Coast CCG,Maternities,1934,2017/2018
E38000156,10A,NHS South Kent Coast CCG,Non-smokers,1533,2017/2018
E38000156,10A,NHS South Kent Coast CCG,Not known,0,2017/2018
E38000156,10A,NHS South Kent Coast CCG,Smokers,401,2017/2018
E38000157,99D,NHS South Lincolnshire CCG,Maternities,1578,2017/2018
E38000157,99D,NHS South Lincolnshire CCG,Non-smokers,1281,2017/2018
E38000157,99D,NHS South Lincolnshire CCG,Not known,90,2017/2018
E38000157,99D,NHS South Lincolnshire CCG,Smokers,207,2017/2018
E38000160,10W,NHS South Reading CCG,Maternities,1769,2017/2018
E38000160,10W,NHS South Reading CCG,Non-smokers,1654,2017/2018
E38000160,10W,NHS South Reading CCG,Not known,0,2017/2018
E38000160,10W,NHS South Reading CCG,Smokers,115,2017/2018
E38000161,01T,NHS South Sefton CCG,Maternities,1565,2017/2018
E38000161,01T,NHS South Sefton CCG,Non-smokers,1314,2017/2018
E38000161,01T,NHS South Sefton CCG,Not known,4,2017/2018
E38000161,01T,NHS South Sefton CCG,Smokers,247,2017/2018
E38000162,00M,NHS South Tees CCG,Maternities,3267,2017/2018
E38000162,00M,NHS South Tees CCG,Non-smokers,2683,2017/2018
E38000162,00M,NHS South Tees CCG,Not known,3,2017/2018
E38000162,00M,NHS South Tees CCG,Smokers,581,2017/2018
E38000163,00N,NHS South Tyneside CCG,Maternities,1604,2017/2018
E38000163,00N,NHS South Tyneside CCG,Non-smokers,1280,2017/2018
E38000163,00N,NHS South Tyneside CCG,Not known,6,2017/2018
E38000163,00N,NHS South Tyneside CCG,Smokers,318,2017/2018
E38000164,05R,NHS South Warwickshire CCG,Maternities,2460,2017/2018
E38000164,05R,NHS South Warwickshire CCG,Non-smokers,2202,2017/2018
E38000164,05R,NHS South Warwickshire CCG,Not known,85,2017/2018
E38000164,05R,NHS South Warwickshire CCG,Smokers,173,2017/2018
E38000165,04Q,NHS South West Lincolnshire CCG,Maternities,1020,2017/2018
E38000165,04Q,NHS South West Lincolnshire CCG,Non-smokers,803,2017/2018
E38000165,04Q,NHS South West Lincolnshire CCG,Not known,60,2017/2018
E38000165,04Q,NHS South West Lincolnshire CCG,Smokers,157,2017/2018
E38000166,05T,NHS South Worcestershire CCG,Maternities,2629,2017/2018
E38000166,05T,NHS South Worcestershire CCG,Non-smokers,2291,2017/2018
E38000166,05T,NHS South Worcestershire CCG,Not known,39,2017/2018
E38000166,05T,NHS South Worcestershire CCG,Smokers,299,2017/2018
E38000167,10X,NHS Southampton CCG,Maternities,3265,2017/2018
E38000167,10X,NHS Southampton CCG,Non-smokers,2790,2017/2018
E38000167,10X,NHS Southampton CCG,Not known,7,2017/2018
E38000167,10X,NHS Southampton CCG,Smokers,468,2017/2018
E38000168,99G,NHS Southend CCG,Maternities,2119,2017/2018
E38000168,99G,NHS Southend CCG,Non-smokers,1818,2017/2018
E38000168,99G,NHS Southend CCG,Not known,81,2017/2018
E38000168,99G,NHS Southend CCG,Smokers,220,2017/2018
E38000169,04R,NHS Southern Derbyshire CCG,Maternities,5424,2017/2018
E38000169,04R,NHS Southern Derbyshire CCG,Non-smokers,4529,2017/2018
E38000169,04R,NHS Southern Derbyshire CCG,Not known,21,2017/2018
E38000169,04R,NHS Southern Derbyshire CCG,Smokers,874,2017/2018
E38000170,01V,NHS Southport And Formby CCG,Maternities,992,2017/2018
E38000170,01V,NHS Southport And Formby CCG,Non-smokers,887,2017/2018
E38000170,01V,NHS Southport And Formby CCG,Not known,7,2017/2018
E38000170,01V,NHS Southport And Formby CCG,Smokers,98,2017/2018
E38000171,08Q,NHS Southwark CCG,Maternities,4090,2017/2018
E38000171,08Q,NHS Southwark CCG,Non-smokers,3819,2017/2018
E38000171,08Q,NHS Southwark CCG,Not known,110,2017/2018
E38000171,08Q,NHS Southwark CCG,Smokers,161,2017/2018
E38000172,01X,NHS St Helens CCG,Maternities,1987,2017/2018
E38000172,01X,NHS St Helens CCG,Non-smokers,1649,2017/2018
E38000172,01X,NHS St Helens CCG,Not known,46,2017/2018
E38000172,01X,NHS St Helens CCG,Smokers,292,2017/2018
E38000173,05V,NHS Stafford And Surrounds CCG,Maternities,1282,2017/2018
E38000173,05V,NHS Stafford And Surrounds CCG,Non-smokers,1118,2017/2018
E38000173,05V,NHS Stafford And Surrounds CCG,Not known,28,2017/2018
E38000173,05V,NHS Stafford And Surrounds CCG,Smokers,136,2017/2018
E38000174,01W,NHS Stockport CCG,Maternities,3323,2017/2018
E38000174,01W,NHS Stockport CCG,Non-smokers,2990,2017/2018
E38000174,01W,NHS Stockport CCG,Not known,0,2017/2018
E38000174,01W,NHS Stockport CCG,Smokers,333,2017/2018
E38000175,05W,NHS Stoke On Trent CCG,Maternities,3283,2017/2018
E38000175,05W,NHS Stoke On Trent CCG,Non-smokers,2631,2017/2018
E38000175,05W,NHS Stoke On Trent CCG,Not known,68,2017/2018
E38000175,05W,NHS Stoke On Trent CCG,Smokers,584,2017/2018
E38000176,00P,NHS Sunderland CCG,Maternities,2824,2017/2018
E38000176,00P,NHS Sunderland CCG,Non-smokers,2305,2017/2018
E38000176,00P,NHS Sunderland CCG,Not known,19,2017/2018
E38000176,00P,NHS Sunderland CCG,Smokers,500,2017/2018
E38000177,99H,NHS Surrey Downs CCG,Maternities,2876,2017/2018
E38000177,99H,NHS Surrey Downs CCG,Non-smokers,2701,2017/2018
E38000177,99H,NHS Surrey Downs CCG,Not known,44,2017/2018
E38000177,99H,NHS Surrey Downs CCG,Smokers,131,2017/2018
E38000178,10C,NHS Surrey Heath CCG,Maternities,940,2017/2018
E38000178,10C,NHS Surrey Heath CCG,Non-smokers,888,2017/2018
E38000178,10C,NHS Surrey Heath CCG,Not known,1,2017/2018
E38000178,10C,NHS Surrey Heath CCG,Smokers,51,2017/2018
E38000179,08T,NHS Sutton CCG,Maternities,2207,2017/2018
E38000179,08T,NHS Sutton CCG,Non-smokers,2029,2017/2018
E38000179,08T,NHS Sutton CCG,Not known,36,2017/2018
E38000179,08T,NHS Sutton CCG,Smokers,142,2017/2018
E38000180,10D,NHS Swale CCG,Maternities,1369,2017/2018
E38000180,10D,NHS Swale CCG,Non-smokers,1100,2017/2018
E38000180,10D,NHS Swale CCG,Not known,0,2017/2018
E38000180,10D,NHS Swale CCG,Smokers,269,2017/2018
E38000181,12D,NHS Swindon CCG,Maternities,2807,2017/2018
E38000181,12D,NHS Swindon CCG,Non-smokers,2492,2017/2018
E38000181,12D,NHS Swindon CCG,Not known,0,2017/2018
E38000181,12D,NHS Swindon CCG,Smokers,315,2017/2018
E38000182,01Y,NHS Tameside And Glossop CCG,Maternities,2784,2017/2018
E38000182,01Y,NHS Tameside And Glossop CCG,Non-smokers,2338,2017/2018
E38000182,01Y,NHS Tameside And Glossop CCG,Not known,7,2017/2018
E38000182,01Y,NHS Tameside And Glossop CCG,Smokers,439,2017/2018
E38000183,05X,NHS Telford And Wrekin CCG,Maternities,2019,2017/2018
E38000183,05X,NHS Telford And Wrekin CCG,Non-smokers,1670,2017/2018
E38000183,05X,NHS Telford And Wrekin CCG,Not known,1,2017/2018
E38000183,05X,NHS Telford And Wrekin CCG,Smokers,348,2017/2018
E38000184,10E,NHS Thanet CCG,Maternities,1537,2017/2018
E38000184,10E,NHS Thanet CCG,Non-smokers,1212,2017/2018
E38000184,10E,NHS Thanet CCG,Not known,2,2017/2018
E38000184,10E,NHS Thanet CCG,Smokers,323,2017/2018
E38000185,07G,NHS Thurrock CCG,Maternities,2070,2017/2018
E38000185,07G,NHS Thurrock CCG,Non-smokers,1836,2017/2018
E38000185,07G,NHS Thurrock CCG,Not known,1,2017/2018
E38000185,07G,NHS Thurrock CCG,Smokers,233,2017/2018
E38000186,08V,NHS Tower Hamlets CCG,Maternities,4465,2017/2018
E38000186,08V,NHS Tower Hamlets CCG,Non-smokers,4223,2017/2018
E38000186,08V,NHS Tower Hamlets CCG,Not known,81,2017/2018
E38000186,08V,NHS Tower Hamlets CCG,Smokers,161,2017/2018
E38000187,02A,NHS Trafford CCG,Maternities,2564,2017/2018
E38000187,02A,NHS Trafford CCG,Non-smokers,2393,2017/2018
E38000187,02A,NHS Trafford CCG,Not known,0,2017/2018
E38000187,02A,NHS Trafford CCG,Smokers,171,2017/2018
E38000188,03Q,NHS Vale Of York CCG,Maternities,3023,2017/2018
E38000188,03Q,NHS Vale Of York CCG,Non-smokers,2647,2017/2018
E38000188,03Q,NHS Vale Of York CCG,Not known,69,2017/2018
E38000188,03Q,NHS Vale Of York CCG,Smokers,307,2017/2018
E38000189,02D,NHS Vale Royal CCG,Maternities,1061,2017/2018
E38000189,02D,NHS Vale Royal CCG,Non-smokers,878,2017/2018
E38000189,02D,NHS Vale Royal CCG,Not known,8,2017/2018
E38000189,02D,NHS Vale Royal CCG,Smokers,175,2017/2018
E38000190,03R,NHS Wakefield CCG,Maternities,3852,2017/2018
E38000190,03R,NHS Wakefield CCG,Non-smokers,3157,2017/2018
E38000190,03R,NHS Wakefield CCG,Not known,14,2017/2018
E38000190,03R,NHS Wakefield CCG,Smokers,681,2017/2018
E38000191,05Y,NHS Walsall CCG,Maternities,3632,2017/2018
E38000191,05Y,NHS Walsall CCG,Non-smokers,2881,2017/2018
E38000191,05Y,NHS Walsall CCG,Not known,312,2017/2018
E38000191,05Y,NHS Walsall CCG,Smokers,439,2017/2018
E38000192,08W,NHS Waltham Forest CCG,Maternities,4358,2017/2018
E38000192,08W,NHS Waltham Forest CCG,Non-smokers,3968,2017/2018
E38000192,08W,NHS Waltham Forest CCG,Not known,145,2017/2018
E38000192,08W,NHS Waltham Forest CCG,Smokers,245,2017/2018
E38000193,08X,NHS Wandsworth CCG,Maternities,3487,2017/2018
E38000193,08X,NHS Wandsworth CCG,Non-smokers,3371,2017/2018
E38000193,08X,NHS Wandsworth CCG,Not known,15,2017/2018
E38000193,08X,NHS Wandsworth CCG,Smokers,101,2017/2018
E38000194,02E,NHS Warrington CCG,Maternities,2095,2017/2018
E38000194,02E,NHS Warrington CCG,Non-smokers,1855,2017/2018
E38000194,02E,NHS Warrington CCG,Not known,62,2017/2018
E38000194,02E,NHS Warrington CCG,Smokers,178,2017/2018
E38000195,05H,NHS Warwickshire North CCG,Maternities,1804,2017/2018
E38000195,05H,NHS Warwickshire North CCG,Non-smokers,1563,2017/2018
E38000195,05H,NHS Warwickshire North CCG,Not known,10,2017/2018
E38000195,05H,NHS Warwickshire North CCG,Smokers,231,2017/2018
E38000196,02F,NHS West Cheshire CCG,Maternities,2374,2017/2018
E38000196,02F,NHS West Cheshire CCG,Non-smokers,2104,2017/2018
E38000196,02F,NHS West Cheshire CCG,Not known,26,2017/2018
E38000196,02F,NHS West Cheshire CCG,Smokers,244,2017/2018
E38000197,07H,NHS West Essex CCG,Maternities,3248,2017/2018
E38000197,07H,NHS West Essex CCG,Non-smokers,2761,2017/2018
E38000197,07H,NHS West Essex CCG,Not known,181,2017/2018
E38000197,07H,NHS West Essex CCG,Smokers,306,2017/2018
E38000198,11A,NHS West Hampshire CCG,Maternities,4975,2017/2018
E38000198,11A,NHS West Hampshire CCG,Non-smokers,4604,2017/2018
E38000198,11A,NHS West Hampshire CCG,Not known,11,2017/2018
E38000198,11A,NHS West Hampshire CCG,Smokers,360,2017/2018
E38000199,99J,NHS West Kent CCG,Maternities,5234,2017/2018
E38000199,99J,NHS West Kent CCG,Non-smokers,4693,2017/2018
E38000199,99J,NHS West Kent CCG,Not known,3,2017/2018
E38000199,99J,NHS West Kent CCG,Smokers,538,2017/2018
E38000200,02G,NHS West Lancashire CCG,Maternities,924,2017/2018
E38000200,02G,NHS West Lancashire CCG,Non-smokers,766,2017/2018
E38000200,02G,NHS West Lancashire CCG,Not known,11,2017/2018
E38000200,02G,NHS West Lancashire CCG,Smokers,147,2017/2018
E38000201,04V,NHS West Leicestershire CCG,Maternities,2593,2017/2018
E38000201,04V,NHS West Leicestershire CCG,Non-smokers,2312,2017/2018
E38000201,04V,NHS West Leicestershire CCG,Not known,0,2017/2018
E38000201,04V,NHS West Leicestershire CCG,Smokers,281,2017/2018
E38000202,08Y,NHS West London CCG,Maternities,1986,2017/2018
E38000202,08Y,NHS West London CCG,Non-smokers,1912,2017/2018
E38000202,08Y,NHS West London CCG,Not known,16,2017/2018
E38000202,08Y,NHS West London CCG,Smokers,58,2017/2018
E38000203,07J,NHS West Norfolk CCG,Maternities,1448,2017/2018
E38000203,07J,NHS West Norfolk CCG,Non-smokers,1208,2017/2018
E38000203,07J,NHS West Norfolk CCG,Not known,1,2017/2018
E38000203,07J,NHS West Norfolk CCG,Smokers,239,2017/2018
E38000204,07K,NHS West Suffolk CCG,Maternities,2332,2017/2018
E38000204,07K,NHS West Suffolk CCG,Non-smokers,1895,2017/2018
E38000204,07K,NHS West Suffolk CCG,Not known,184,2017/2018
E38000204,07K,NHS West Suffolk CCG,Smokers,253,2017/2018
E38000205,02H,NHS Wigan Borough CCG,Maternities,3471,2017/2018
E38000205,02H,NHS Wigan Borough CCG,Non-smokers,2923,2017/2018
E38000205,02H,NHS Wigan Borough CCG,Not known,12,2017/2018
E38000205,02H,NHS Wigan Borough CCG,Smokers,536,2017/2018
E38000206,99N,NHS Wiltshire CCG,Maternities,4312,2017/2018
E38000206,99N,NHS Wiltshire CCG,Non-smokers,3881,2017/2018
E38000206,99N,NHS Wiltshire CCG,Not known,0,2017/2018
E38000206,99N,NHS Wiltshire CCG,Smokers,431,2017/2018
E38000207,11C,"NHS Windsor, Ascot And Maidenhead CCG",Maternities,1501,2017/2018
E38000207,11C,"NHS Windsor, Ascot And Maidenhead CCG",Non-smokers,1413,2017/2018
E38000207,11C,"NHS Windsor, Ascot And Maidenhead CCG",Not known,8,2017/2018
E38000207,11C,"NHS Windsor, Ascot And Maidenhead CCG",Smokers,80,2017/2018
E38000208,12F,NHS Wirral CCG,Maternities,3120,2017/2018
E38000208,12F,NHS Wirral CCG,Non-smokers,2421,2017/2018
E38000208,12F,NHS Wirral CCG,Not known,320,2017/2018
E38000208,12F,NHS Wirral CCG,Smokers,379,2017/2018
E38000209,11D,NHS Wokingham CCG,Maternities,1391,2017/2018
E38000209,11D,NHS Wokingham CCG,Non-smokers,1333,2017/2018
E38000209,11D,NHS Wokingham CCG,Not known,1,2017/2018
E38000209,11D,NHS Wokingham CCG,Smokers,57,2017/2018
E38000210,06A,NHS Wolverhampton CCG,Maternities,3382,2017/2018
E38000210,06A,NHS Wolverhampton CCG,Non-smokers,2781,2017/2018
E38000210,06A,NHS Wolverhampton CCG,Not known,2,2017/2018
E38000210,06A,NHS Wolverhampton CCG,Smokers,599,2017/2018
E38000211,06D,NHS Wyre Forest CCG,Maternities,1038,2017/2018
E38000211,06D,NHS Wyre Forest CCG,Non-smokers,867,2017/2018
E38000211,06D,NHS Wyre Forest CCG,Not known,11,2017/2018
E38000211,06D,NHS Wyre Forest CCG,Smokers,160,2017/2018
E38000212,13T,NHS Newcastle Gateshead CCG,Maternities,5243,2017/2018
E38000212,13T,NHS Newcastle Gateshead CCG,Non-smokers,4434,2017/2018
E38000212,13T,NHS Newcastle Gateshead CCG,Not known,23,2017/2018
E38000212,13T,NHS Newcastle Gateshead CCG,Smokers,786,2017/2018
E38000213,09G,NHS Coastal West Sussex CCG,Maternities,4523,2017/2018
E38000213,09G,NHS Coastal West Sussex CCG,Non-smokers,3923,2017/2018
E38000213,09G,NHS Coastal West Sussex CCG,Not known,82,2017/2018
E38000213,09G,NHS Coastal West Sussex CCG,Smokers,518,2017/2018
E38000214,09N,NHS Guildford And Waverley CCG,Maternities,1920,2017/2018
E38000214,09N,NHS Guildford And Waverley CCG,Non-smokers,1783,2017/2018
E38000214,09N,NHS Guildford And Waverley CCG,Not known,4,2017/2018
E38000214,09N,NHS Guildford And Waverley CCG,Smokers,133,2017/2018
E38000215,01H,NHS North Cumbria CCG,Maternities,2886,2017/2018
E38000215,01H,NHS North Cumbria CCG,Non-smokers,2487,2017/2018
E38000215,01H,NHS North Cumbria CCG,Not known,6,2017/2018
E38000215,01H,NHS North Cumbria CCG,Smokers,393,2017/2018
E38000217,14L,NHS Manchester CCG,Maternities,7727,2017/2018
E38000217,14L,NHS Manchester CCG,Non-smokers,6898,2017/2018
E38000217,14L,NHS Manchester CCG,Not known,0,2017/2018
E38000217,14L,NHS Manchester CCG,Smokers,829,2017/2018
E38000218,06W,NHS Norwich CCG,Maternities,2262,2017/2018
E38000218,06W,NHS Norwich CCG,Non-smokers,1983,2017/2018
E38000218,06W,NHS Norwich CCG,Not known,0,2017/2018
E38000218,06W,NHS Norwich CCG,Smokers,279,2017/2018
E38000219,06Y,NHS South Norfolk CCG,Maternities,2080,2017/2018
E38000219,06Y,NHS South Norfolk CCG,Non-smokers,1842,2017/2018
E38000219,06Y,NHS South Norfolk CCG,Not known,1,2017/2018
E38000219,06Y,NHS South Norfolk CCG,Smokers,237,2017/2018
E38000226,02M,NHS Fylde And Wyre CCG,Maternities,1239,2017/2018
E38000226,02M,NHS Fylde And Wyre CCG,Non-smokers,1045,2017/2018
E38000226,02M,NHS Fylde And Wyre CCG,Not known,1,2017/2018
E38000226,02M,NHS Fylde And Wyre CCG,Smokers,193,2017/2018
E38000227,01E,NHS Greater Preston CCG,Maternities,2255,2017/2018
E38000227,01E,NHS Greater Preston CCG,Non-smokers,1971,2017/2018
E38000227,01E,NHS Greater Preston CCG,Not known,0,2017/2018
E38000227,01E,NHS Greater Preston CCG,Smokers,284,2017/2018
E38000228,01K,NHS Morecambe Bay CCG,Maternities,2930,2017/2018
E38000228,01K,NHS Morecambe Bay CCG,Non-smokers,2415,2017/2018
E38000228,01K,NHS Morecambe Bay CCG,Not known,126,2017/2018
E38000228,01K,NHS Morecambe Bay CCG,Smokers,389,2017/2018
E92000001,,ENGLAND,Maternities,566355,2003/2004
E92000001,,ENGLAND,Non-smokers,394962,2003/2004
E92000001,,ENGLAND,Not known,77904,2003/2004
E92000001,,ENGLAND,Smokers,93489,2003/2004
E92000001,,ENGLAND,Maternities,576935,2004/2005
E92000001,,ENGLAND,Non-smokers,440110,2004/2005
E92000001,,ENGLAND,Not known,39267,2004/2005
E92000001,,ENGLAND,Smokers,97558,2004/2005
E92000001,,ENGLAND,Maternities,583011,2005/2006
E92000001,,ENGLAND,Non-smokers,456508,2005/2006
E92000001,,ENGLAND,Not known,35842,2005/2006
E92000001,,ENGLAND,Smokers,90661,2005/2006
E92000001,,ENGLAND,Maternities,601262,2006/2007
E92000001,,ENGLAND,Non-smokers,485511,2006/2007
E92000001,,ENGLAND,Not known,24864,2006/2007
E92000001,,ENGLAND,Smokers,90887,2006/2007
E92000001,,ENGLAND,Maternities,634035,2007/2008
E92000001,,ENGLAND,Non-smokers,532503,2007/2008
E92000001,,ENGLAND,Not known,9959,2007/2008
E92000001,,ENGLAND,Smokers,91573,2007/2008
E92000001,,ENGLAND,Maternities,640681,2008/2009
E92000001,,ENGLAND,Non-smokers,538202,2008/2009
E92000001,,ENGLAND,Not known,10356,2008/2009
E92000001,,ENGLAND,Smokers,92123,2008/2009
E92000001,,ENGLAND,Maternities,652967,2009/2010
E92000001,,ENGLAND,Non-smokers,550242,2009/2010
E92000001,,ENGLAND,Not known,11397,2009/2010
E92000001,,ENGLAND,Smokers,91328,2009/2010
E92000001,,ENGLAND,Maternities,659543,2010/2011
E92000001,,ENGLAND,Non-smokers,563749,2010/2011
E92000001,,ENGLAND,Not known,6583,2010/2011
E92000001,,ENGLAND,Smokers,89211,2010/2011
E92000001,,ENGLAND,Maternities,664691,2011/2012
E92000001,,ENGLAND,Non-smokers,570786,2011/2012
E92000001,,ENGLAND,Not known,6265,2011/2012
E92000001,,ENGLAND,Smokers,87640,2011/2012
E92000001,,ENGLAND,Maternities,658112,2012/2013
E92000001,,ENGLAND,Non-smokers,566101,2012/2013
E92000001,,ENGLAND,Not known,8524,2012/2013
E92000001,,ENGLAND,Smokers,83487,2012/2013
E92000001,,ENGLAND,Maternities,632956,2013/2014
E92000001,,ENGLAND,Non-smokers,548203,2013/2014
E92000001,,ENGLAND,Not known,8840,2013/2014
E92000001,,ENGLAND,Smokers,75913,2013/2014
E92000001,,ENGLAND,Maternities,622643,2014/2015
E92000001,,ENGLAND,Non-smokers,533178,2014/2015
E92000001,,ENGLAND,Not known,18586,2014/2015
E92000001,,ENGLAND,Smokers,70879,2014/2015
E92000001,,ENGLAND,Maternities,631225,2015/2016
E92000001,,ENGLAND,Non-smokers,544282,2015/2016
E92000001,,ENGLAND,Not known,19748,2015/2016
E92000001,,ENGLAND,Smokers,67195,2015/2016
E92000001,,ENGLAND,Maternities,619234,2016/2017
E92000001,,ENGLAND,Non-smokers,542096,2016/2017
E92000001,,ENGLAND,Not known,12115,2016/2017
E92000001,,ENGLAND,Smokers,65023,2016/2017
E92000001,,ENGLAND,Maternities,607294,2017/2018
E92000001,,ENGLAND,Non-smokers,531595,2017/2018
E92000001,,ENGLAND,Not known,11308,2017/2018
E92000001,,ENGLAND,Smokers,64391,2017/2018
